2026-09-05 21:23:24,826 - __main__ - INFO - ==================================================
2026-09-05 21:23:24,826 - __main__ - INFO - Iniciando Data Pipeline para Grid Trading Bot
2026-09-05 21:23:24,827 - __main__ - INFO - ==================================================
2026-09-05 21:23:24,829 - __main__ - INFO - Configuraci髇 cargada: BTC-USDT - ['15m', '1H', '4H']
2026-09-05 21:23:24,841 - __main__ - ERROR - Error conectando a Supabase: [Errno 11001] getaddrinfo failed
2026-09-05 21:23:24,841 - __main__ - ERROR - Error fatal: [Errno 11001] getaddrinfo failed
2026-09-05 21:26:54,011 - __main__ - INFO - ==================================================
2026-09-05 21:26:54,011 - __main__ - INFO - Iniciando Data Pipeline para Grid Trading Bot
2026-09-05 21:26:54,013 - __main__ - INFO - ==================================================
2026-09-05 21:26:54,014 - __main__ - INFO - Configuraci髇 cargada: BTC-USDT - ['15m', '1H', '4H']
2026-09-05 21:26:54,029 - __main__ - ERROR - Error conectando a Supabase: [Errno 11001] getaddrinfo failed
2026-09-05 21:26:54,029 - __main__ - ERROR - Error fatal: [Errno 11001] getaddrinfo failed
2026-09-05 21:34:16,359 - __main__ - INFO - ==================================================
2026-09-05 21:34:16,360 - __main__ - INFO - Iniciando Data Pipeline para Grid Trading Bot
2026-09-05 21:34:16,361 - __main__ - INFO - ==================================================
2026-09-05 21:34:16,363 - __main__ - INFO - Configuraci髇 cargada: BTC-USDT - ['15m', '1H', '4H']
2026-09-05 21:34:18,505 - __main__ - INFO - Conexi髇 a Supabase establecida
2026-09-05 21:34:18,506 - __main__ - INFO - Iniciando descarga 15m
2026-09-05 21:34:18,512 - __main__ - INFO - Iniciando descarga 1H
2026-09-05 21:34:18,513 - __main__ - INFO - Iniciando descarga 4H
2026-09-05 21:34:42,950 - __main__ - INFO - Completado 15m: 0 velas procesadas
2026-09-05 21:34:42,950 - __main__ - INFO - Completado 1H: 0 velas procesadas
2026-09-05 21:34:42,953 - __main__ - INFO - Completado 4H: 0 velas procesadas
2026-09-05 21:34:43,104 - __main__ - INFO - Conexi髇 a Supabase cerrada
2026-09-05 21:34:43,105 - __main__ - INFO - Pipeline completado exitosamente
2026-09-05 21:40:39,885 - __main__ - INFO - ==================================================
2026-09-05 21:40:39,885 - __main__ - INFO - Iniciando Data Pipeline para Grid Trading Bot
2026-09-05 21:40:39,886 - __main__ - INFO - ==================================================
2026-09-05 21:40:39,886 - __main__ - INFO - Configuraci髇 cargada: BTC-USDT - ['15m', '1H', '4H']
2026-09-05 21:40:41,919 - __main__ - INFO - Conexi髇 a Supabase establecida
2026-09-05 21:40:41,921 - __main__ - INFO - Iniciando descarga 15m
2026-09-05 21:40:41,926 - __main__ - INFO - Iniciando descarga 1H
2026-09-05 21:40:41,927 - __main__ - INFO - Iniciando descarga 4H
2026-09-05 21:40:42,877 - __main__ - ERROR - Error guardando kline: null value in column "close_time" of relation "klines_btc_usdt" violates not-null constraint
DETAIL:  Failing row contains (1, BTC-USDT, 4H, 2026-08-23 16:00:00+00, null, 77157.70000000, 77484.30000000, 77110.00000000, 77332.20000000, 473.93900931, 36649288.81491638, 1, 2026-09-06 02:40:40.719068+00, 2026-09-06 02:40:40.719068+00).
2026-09-05 21:40:42,877 - __main__ - ERROR - Error guardando kline: null value in column "close_time" of relation "klines_btc_usdt" violates not-null constraint
DETAIL:  Failing row contains (2, BTC-USDT, 15m, 2026-08-08 03:30:00+00, null, 65025.50000000, 65072.90000000, 65000.70000000, 65015.70000000, 20.77408495, 1351027.98247868, 1, 2026-09-06 02:40:40.715676+00, 2026-09-06 02:40:40.715676+00).
2026-09-05 21:40:43,018 - __main__ - ERROR - Error guardando kline: current transaction is aborted, commands ignored until end of transaction block
2026-09-05 21:40:43,034 - __main__ - ERROR - Error guardando kline: current transaction is aborted, commands ignored until end of transaction block
2026-09-05 21:40:43,156 - __main__ - ERROR - Error guardando kline: current transaction is aborted, commands ignored until end of transaction block
2026-09-05 21:40:43,177 - __main__ - ERROR - Error guardando kline: current transaction is aborted, commands ignored until end of transaction block
2026-09-05 21:40:43,287 - __main__ - ERROR - Error guardando kline: current transaction is aborted, commands ignored until end of transaction block
2026-09-05 21:40:43,317 - __main__ - ERROR - Error guardando kline: current transaction is aborted, commands ignored until end of transaction block
2026-09-05 21:40:43,417 - __main__ - ERROR - Error guardando kline: current transaction is aborted, commands ignored until end of transaction block
2026-09-05 21:40:43,457 - __main__ - ERROR - Error guardando kline: current transaction is aborted, commands ignored until end of transaction block
2026-09-05 21:40:43,546 - __main__ - ERROR - Error guardando kline: current transaction is aborted, commands ignored until end of transaction block
2026-09-05 21:40:43,607 - __main__ - ERROR - Error guardando kline: current transaction is aborted, commands ignored until end of transaction block
2026-09-05 21:40:43,694 - __main__ - ERROR - Error guardando kline: current transaction is aborted, commands ignored until end of transaction block
2026-09-05 21:40:43,747 - __main__ - ERROR - Error guardando kline: current transaction is aborted, commands ignored until end of transaction block
2026-09-05 21:40:43,826 - __main__ - ERROR - Error guardando kline: current transaction is aborted, commands ignored until end of transaction block
2026-09-05 21:40:43,831 - __main__ - ERROR - Error guardando kline: null value in column "close_time" of relation "klines_btc_usdt" violates not-null constraint
DETAIL:  Failing row contains (3, BTC-USDT, 1H, 2026-08-11 06:00:00+00, null, 64002.10000000, 64053.60000000, 63859.30000000, 63972.60000000, 116.71780696, 7463170.13891517, 1, 2026-09-06 02:40:41.719124+00, 2026-09-06 02:40:41.719124+00).
2026-09-05 21:40:43,899 - __main__ - ERROR - Error guardando kline: current transaction is aborted, commands ignored until end of transaction block
2026-09-05 21:40:43,964 - __main__ - ERROR - Error guardando kline: current transaction is aborted, commands ignored until end of transaction block
2026-09-05 21:40:43,995 - __main__ - ERROR - Error guardando kline: current transaction is aborted, commands ignored until end of transaction block
2026-09-05 21:40:44,037 - __main__ - ERROR - Error guardando kline: current transaction is aborted, commands ignored until end of transaction block
2026-09-05 21:40:44,096 - __main__ - ERROR - Error guardando kline: current transaction is aborted, commands ignored until end of transaction block
2026-09-05 21:40:44,146 - __main__ - ERROR - Error guardando kline: current transaction is aborted, commands ignored until end of transaction block
2026-09-05 21:40:44,178 - __main__ - ERROR - Error guardando kline: current transaction is aborted, commands ignored until end of transaction block
2026-09-05 21:40:44,237 - __main__ - ERROR - Error guardando kline: current transaction is aborted, commands ignored until end of transaction block
2026-09-05 21:40:44,287 - __main__ - ERROR - Error guardando kline: current transaction is aborted, commands ignored until end of transaction block
2026-09-05 21:40:44,326 - __main__ - ERROR - Error guardando kline: current transaction is aborted, commands ignored until end of transaction block
2026-09-05 21:40:44,367 - __main__ - ERROR - Error guardando kline: current transaction is aborted, commands ignored until end of transaction block
2026-09-05 21:40:44,427 - __main__ - ERROR - Error guardando kline: current transaction is aborted, commands ignored until end of transaction block
2026-09-05 21:40:44,467 - __main__ - ERROR - Error guardando kline: current transaction is aborted, commands ignored until end of transaction block
2026-09-05 21:40:44,496 - __main__ - ERROR - Error guardando kline: current transaction is aborted, commands ignored until end of transaction block
2026-09-05 21:40:44,567 - __main__ - ERROR - Error guardando kline: current transaction is aborted, commands ignored until end of transaction block
2026-09-05 21:40:44,617 - __main__ - ERROR - Error guardando kline: current transaction is aborted, commands ignored until end of transaction block
2026-09-05 21:40:44,626 - __main__ - ERROR - Error guardando kline: current transaction is aborted, commands ignored until end of transaction block
2026-09-05 21:40:44,723 - __main__ - ERROR - Error guardando kline: current transaction is aborted, commands ignored until end of transaction block
2026-09-05 21:40:44,756 - __main__ - ERROR - Error guardando kline: current transaction is aborted, commands ignored until end of transaction block
2026-09-05 21:40:44,759 - __main__ - ERROR - Error guardando kline: current transaction is aborted, commands ignored until end of transaction block
2026-09-05 21:40:44,857 - __main__ - ERROR - Error guardando kline: current transaction is aborted, commands ignored until end of transaction block
2026-09-05 21:40:44,886 - __main__ - ERROR - Error guardando kline: current transaction is aborted, commands ignored until end of transaction block
2026-09-05 21:40:44,914 - __main__ - ERROR - Error guardando kline: current transaction is aborted, commands ignored until end of transaction block
2026-09-05 21:40:44,997 - __main__ - ERROR - Error guardando kline: current transaction is aborted, commands ignored until end of transaction block
2026-09-05 21:40:45,018 - __main__ - ERROR - Error guardando kline: current transaction is aborted, commands ignored until end of transaction block
2026-09-05 21:40:45,057 - __main__ - ERROR - Error guardando kline: current transaction is aborted, commands ignored until end of transaction block
2026-09-05 21:40:45,144 - __main__ - ERROR - Error guardando kline: current transaction is aborted, commands ignored until end of transaction block
2026-09-05 21:40:45,153 - __main__ - ERROR - Error guardando kline: current transaction is aborted, commands ignored until end of transaction block
2026-09-05 21:40:45,213 - __main__ - ERROR - Error guardando kline: current transaction is aborted, commands ignored until end of transaction block
2026-09-05 21:40:45,287 - __main__ - ERROR - Error guardando kline: current transaction is aborted, commands ignored until end of transaction block
2026-09-05 21:40:45,288 - __main__ - ERROR - Error guardando kline: current transaction is aborted, commands ignored until end of transaction block
2026-09-05 21:40:45,363 - __main__ - ERROR - Error guardando kline: current transaction is aborted, commands ignored until end of transaction block
2026-09-05 21:40:45,418 - __main__ - ERROR - Error guardando kline: current transaction is aborted, commands ignored until end of transaction block
2026-09-05 21:40:45,437 - __main__ - ERROR - Error guardando kline: current transaction is aborted, commands ignored until end of transaction block
2026-09-05 21:40:45,507 - __main__ - ERROR - Error guardando kline: current transaction is aborted, commands ignored until end of transaction block
2026-09-05 21:40:45,556 - __main__ - ERROR - Error guardando kline: current transaction is aborted, commands ignored until end of transaction block
2026-09-05 21:40:45,587 - __main__ - ERROR - Error guardando kline: current transaction is aborted, commands ignored until end of transaction block
2026-09-05 21:40:45,647 - __main__ - ERROR - Error guardando kline: current transaction is aborted, commands ignored until end of transaction block
2026-09-05 21:40:45,686 - __main__ - ERROR - Error guardando kline: current transaction is aborted, commands ignored until end of transaction block
2026-09-05 21:40:45,729 - __main__ - ERROR - Error guardando kline: current transaction is aborted, commands ignored until end of transaction block
2026-09-05 21:40:45,811 - __main__ - ERROR - Error guardando kline: current transaction is aborted, commands ignored until end of transaction block
2026-09-05 21:40:45,816 - __main__ - ERROR - Error guardando kline: current transaction is aborted, commands ignored until end of transaction block
2026-09-05 21:40:45,893 - __main__ - ERROR - Error guardando kline: current transaction is aborted, commands ignored until end of transaction block
2026-09-05 21:40:45,994 - __main__ - ERROR - Error guardando kline: current transaction is aborted, commands ignored until end of transaction block
2026-09-05 21:40:45,995 - __main__ - ERROR - Error guardando kline: current transaction is aborted, commands ignored until end of transaction block
2026-09-05 21:40:46,027 - __main__ - ERROR - Error guardando kline: current transaction is aborted, commands ignored until end of transaction block
2026-09-05 21:40:46,137 - __main__ - ERROR - Error guardando kline: current transaction is aborted, commands ignored until end of transaction block
2026-09-05 21:40:46,138 - __main__ - ERROR - Error guardando kline: current transaction is aborted, commands ignored until end of transaction block
2026-09-05 21:40:46,169 - __main__ - ERROR - Error guardando kline: current transaction is aborted, commands ignored until end of transaction block
2026-09-05 21:40:46,266 - __main__ - ERROR - Error guardando kline: current transaction is aborted, commands ignored until end of transaction block
2026-09-05 21:40:46,287 - __main__ - ERROR - Error guardando kline: current transaction is aborted, commands ignored until end of transaction block
2026-09-05 21:40:46,306 - __main__ - ERROR - Error guardando kline: current transaction is aborted, commands ignored until end of transaction block
2026-09-05 21:40:46,405 - __main__ - ERROR - Error guardando kline: current transaction is aborted, commands ignored until end of transaction block
2026-09-05 21:40:46,427 - __main__ - ERROR - Error guardando kline: current transaction is aborted, commands ignored until end of transaction block
2026-09-05 21:40:46,463 - __main__ - ERROR - Error guardando kline: current transaction is aborted, commands ignored until end of transaction block
2026-09-05 21:40:46,536 - __main__ - ERROR - Error guardando kline: current transaction is aborted, commands ignored until end of transaction block
2026-09-05 21:40:46,577 - __main__ - ERROR - Error guardando kline: current transaction is aborted, commands ignored until end of transaction block
2026-09-05 21:40:46,615 - __main__ - ERROR - Error guardando kline: current transaction is aborted, commands ignored until end of transaction block
2026-09-05 21:40:46,666 - __main__ - ERROR - Error guardando kline: current transaction is aborted, commands ignored until end of transaction block
2026-09-05 21:40:46,717 - __main__ - ERROR - Error guardando kline: current transaction is aborted, commands ignored until end of transaction block
2026-09-05 21:40:46,796 - __main__ - ERROR - Error guardando kline: current transaction is aborted, commands ignored until end of transaction block
2026-09-05 21:40:46,858 - __main__ - ERROR - Error guardando kline: current transaction is aborted, commands ignored until end of transaction block
2026-09-05 21:40:46,926 - __main__ - ERROR - Error guardando kline: current transaction is aborted, commands ignored until end of transaction block
2026-09-05 21:40:46,996 - __main__ - ERROR - Error guardando kline: current transaction is aborted, commands ignored until end of transaction block
2026-09-05 21:40:47,081 - __main__ - ERROR - Error guardando kline: current transaction is aborted, commands ignored until end of transaction block
2026-09-05 21:40:47,107 - __main__ - ERROR - Error guardando kline: current transaction is aborted, commands ignored until end of transaction block
2026-09-05 21:40:47,136 - __main__ - ERROR - Error guardando kline: current transaction is aborted, commands ignored until end of transaction block
2026-09-05 21:40:47,217 - __main__ - ERROR - Error guardando kline: current transaction is aborted, commands ignored until end of transaction block
2026-09-05 21:40:47,252 - __main__ - ERROR - Error guardando kline: current transaction is aborted, commands ignored until end of transaction block
2026-09-05 21:40:47,278 - __main__ - ERROR - Error guardando kline: current transaction is aborted, commands ignored until end of transaction block
2026-09-05 21:40:47,357 - __main__ - ERROR - Error guardando kline: current transaction is aborted, commands ignored until end of transaction block
2026-09-05 21:40:47,397 - __main__ - ERROR - Error guardando kline: current transaction is aborted, commands ignored until end of transaction block
2026-09-05 21:40:47,426 - __main__ - ERROR - Error guardando kline: current transaction is aborted, commands ignored until end of transaction block
2026-09-05 21:40:47,486 - __main__ - ERROR - Error guardando kline: current transaction is aborted, commands ignored until end of transaction block
2026-09-05 21:40:47,552 - __main__ - ERROR - Error guardando kline: current transaction is aborted, commands ignored until end of transaction block
2026-09-05 21:40:47,568 - __main__ - ERROR - Error guardando kline: current transaction is aborted, commands ignored until end of transaction block
2026-09-05 21:40:47,627 - __main__ - ERROR - Error guardando kline: current transaction is aborted, commands ignored until end of transaction block
2026-09-05 21:40:47,698 - __main__ - ERROR - Error guardando kline: current transaction is aborted, commands ignored until end of transaction block
2026-09-05 21:40:47,719 - __main__ - ERROR - Error guardando kline: current transaction is aborted, commands ignored until end of transaction block
2026-09-05 21:40:47,756 - __main__ - ERROR - Error guardando kline: current transaction is aborted, commands ignored until end of transaction block
2026-09-05 21:40:47,845 - __main__ - ERROR - Error guardando kline: current transaction is aborted, commands ignored until end of transaction block
2026-09-05 21:40:47,867 - __main__ - ERROR - Error guardando kline: current transaction is aborted, commands ignored until end of transaction block
2026-09-05 21:40:47,887 - __main__ - ERROR - Error guardando kline: current transaction is aborted, commands ignored until end of transaction block
2026-09-05 21:40:47,995 - __main__ - ERROR - Error guardando kline: current transaction is aborted, commands ignored until end of transaction block
2026-09-05 21:40:48,020 - __main__ - ERROR - Error guardando kline: current transaction is aborted, commands ignored until end of transaction block
2026-09-05 21:40:48,022 - __main__ - ERROR - Error guardando kline: current transaction is aborted, commands ignored until end of transaction block
2026-09-05 21:40:48,136 - __main__ - ERROR - Error guardando kline: current transaction is aborted, commands ignored until end of transaction block
2026-09-05 21:40:48,175 - __main__ - ERROR - Error guardando kline: current transaction is aborted, commands ignored until end of transaction block
2026-09-05 21:40:48,191 - __main__ - ERROR - Error guardando kline: current transaction is aborted, commands ignored until end of transaction block
2026-09-05 21:40:48,288 - __main__ - ERROR - Error guardando kline: current transaction is aborted, commands ignored until end of transaction block
2026-09-05 21:40:48,325 - __main__ - ERROR - Error guardando kline: current transaction is aborted, commands ignored until end of transaction block
2026-09-05 21:40:48,326 - __main__ - ERROR - Error guardando kline: current transaction is aborted, commands ignored until end of transaction block
2026-09-05 21:40:48,457 - __main__ - ERROR - Error guardando kline: current transaction is aborted, commands ignored until end of transaction block
2026-09-05 21:40:48,487 - __main__ - ERROR - Error guardando kline: current transaction is aborted, commands ignored until end of transaction block
2026-09-05 21:40:48,587 - __main__ - ERROR - Error guardando kline: current transaction is aborted, commands ignored until end of transaction block
2026-09-05 21:40:48,626 - __main__ - ERROR - Error guardando kline: current transaction is aborted, commands ignored until end of transaction block
2026-09-05 21:40:48,717 - __main__ - ERROR - Error guardando kline: current transaction is aborted, commands ignored until end of transaction block
2026-09-05 21:40:48,777 - __main__ - ERROR - Error guardando kline: current transaction is aborted, commands ignored until end of transaction block
2026-09-05 21:40:48,783 - __main__ - ERROR - Error guardando kline: current transaction is aborted, commands ignored until end of transaction block
2026-09-05 21:40:48,856 - __main__ - ERROR - Error guardando kline: current transaction is aborted, commands ignored until end of transaction block
2026-09-05 21:40:48,918 - __main__ - ERROR - Error guardando kline: current transaction is aborted, commands ignored until end of transaction block
2026-09-05 21:40:48,927 - __main__ - ERROR - Error guardando kline: current transaction is aborted, commands ignored until end of transaction block
2026-09-05 21:40:48,986 - __main__ - ERROR - Error guardando kline: current transaction is aborted, commands ignored until end of transaction block
2026-09-05 21:40:49,116 - __main__ - ERROR - Error guardando kline: current transaction is aborted, commands ignored until end of transaction block
2026-09-05 21:40:49,118 - __main__ - ERROR - Error guardando kline: current transaction is aborted, commands ignored until end of transaction block
2026-09-05 21:40:49,127 - __main__ - ERROR - Error guardando kline: current transaction is aborted, commands ignored until end of transaction block
2026-09-05 21:40:49,256 - __main__ - ERROR - Error guardando kline: current transaction is aborted, commands ignored until end of transaction block
2026-09-05 21:40:49,277 - __main__ - ERROR - Error guardando kline: current transaction is aborted, commands ignored until end of transaction block
2026-09-05 21:40:49,279 - __main__ - ERROR - Error guardando kline: current transaction is aborted, commands ignored until end of transaction block
2026-09-05 21:40:49,405 - __main__ - ERROR - Error guardando kline: current transaction is aborted, commands ignored until end of transaction block
2026-09-05 21:40:49,415 - __main__ - ERROR - Error guardando kline: current transaction is aborted, commands ignored until end of transaction block
2026-09-05 21:40:49,446 - __main__ - ERROR - Error guardando kline: current transaction is aborted, commands ignored until end of transaction block
2026-09-05 21:40:49,547 - __main__ - ERROR - Error guardando kline: current transaction is aborted, commands ignored until end of transaction block
2026-09-05 21:40:49,549 - __main__ - ERROR - Error guardando kline: current transaction is aborted, commands ignored until end of transaction block
2026-09-05 21:40:49,676 - __main__ - ERROR - Error guardando kline: current transaction is aborted, commands ignored until end of transaction block
2026-09-05 21:40:49,697 - __main__ - ERROR - Error guardando kline: current transaction is aborted, commands ignored until end of transaction block
2026-09-05 21:40:49,806 - __main__ - ERROR - Error guardando kline: current transaction is aborted, commands ignored until end of transaction block
2026-09-05 21:40:49,839 - __main__ - ERROR - Error guardando kline: current transaction is aborted, commands ignored until end of transaction block
2026-09-05 21:40:49,947 - __main__ - ERROR - Error guardando kline: current transaction is aborted, commands ignored until end of transaction block
2026-09-05 21:40:49,979 - __main__ - ERROR - Error guardando kline: current transaction is aborted, commands ignored until end of transaction block
2026-09-05 21:40:50,085 - __main__ - ERROR - Error guardando kline: current transaction is aborted, commands ignored until end of transaction block
2026-09-05 21:40:50,135 - __main__ - ERROR - Error guardando kline: current transaction is aborted, commands ignored until end of transaction block
2026-09-05 21:40:50,217 - __main__ - ERROR - Error guardando kline: current transaction is aborted, commands ignored until end of transaction block
2026-09-05 21:40:50,277 - __main__ - ERROR - Error guardando kline: current transaction is aborted, commands ignored until end of transaction block
2026-09-05 21:40:50,306 - __main__ - ERROR - Error guardando kline: current transaction is aborted, commands ignored until end of transaction block
2026-09-05 21:40:50,365 - __main__ - ERROR - Error guardando kline: current transaction is aborted, commands ignored until end of transaction block
2026-09-05 21:40:50,435 - __main__ - ERROR - Error guardando kline: current transaction is aborted, commands ignored until end of transaction block
2026-09-05 21:40:50,454 - __main__ - ERROR - Error guardando kline: current transaction is aborted, commands ignored until end of transaction block
2026-09-05 21:40:50,497 - __main__ - ERROR - Error guardando kline: current transaction is aborted, commands ignored until end of transaction block
2026-09-05 21:40:50,579 - __main__ - ERROR - Error guardando kline: current transaction is aborted, commands ignored until end of transaction block
2026-09-05 21:40:50,630 - __main__ - ERROR - Error guardando kline: current transaction is aborted, commands ignored until end of transaction block
2026-09-05 21:40:50,717 - __main__ - ERROR - Error guardando kline: current transaction is aborted, commands ignored until end of transaction block
2026-09-05 21:40:50,767 - __main__ - ERROR - Error guardando kline: current transaction is aborted, commands ignored until end of transaction block
2026-09-05 21:40:50,776 - __main__ - ERROR - Error guardando kline: current transaction is aborted, commands ignored until end of transaction block
2026-09-05 21:40:50,861 - __main__ - ERROR - Error guardando kline: current transaction is aborted, commands ignored until end of transaction block
2026-09-05 21:40:50,897 - __main__ - ERROR - Error guardando kline: current transaction is aborted, commands ignored until end of transaction block
2026-09-05 21:40:50,925 - __main__ - ERROR - Error guardando kline: current transaction is aborted, commands ignored until end of transaction block
2026-09-05 21:40:51,007 - __main__ - ERROR - Error guardando kline: current transaction is aborted, commands ignored until end of transaction block
2026-09-05 21:40:51,041 - __main__ - ERROR - Error guardando kline: current transaction is aborted, commands ignored until end of transaction block
2026-09-05 21:40:51,068 - __main__ - ERROR - Error guardando kline: current transaction is aborted, commands ignored until end of transaction block
2026-09-05 21:40:51,147 - __main__ - ERROR - Error guardando kline: current transaction is aborted, commands ignored until end of transaction block
2026-09-05 21:40:51,183 - __main__ - ERROR - Error guardando kline: current transaction is aborted, commands ignored until end of transaction block
2026-09-05 21:40:51,235 - __main__ - ERROR - Error guardando kline: current transaction is aborted, commands ignored until end of transaction block
2026-09-05 21:40:51,297 - __main__ - ERROR - Error guardando kline: current transaction is aborted, commands ignored until end of transaction block
2026-09-05 21:40:51,317 - __main__ - ERROR - Error guardando kline: current transaction is aborted, commands ignored until end of transaction block
2026-09-05 21:40:51,377 - __main__ - ERROR - Error guardando kline: current transaction is aborted, commands ignored until end of transaction block
2026-09-05 21:40:51,454 - __main__ - ERROR - Error guardando kline: current transaction is aborted, commands ignored until end of transaction block
2026-09-05 21:40:51,457 - __main__ - ERROR - Error guardando kline: current transaction is aborted, commands ignored until end of transaction block
2026-09-05 21:40:51,529 - __main__ - ERROR - Error guardando kline: current transaction is aborted, commands ignored until end of transaction block
2026-09-05 21:40:51,586 - __main__ - ERROR - Error guardando kline: current transaction is aborted, commands ignored until end of transaction block
2026-09-05 21:40:51,607 - __main__ - ERROR - Error guardando kline: current transaction is aborted, commands ignored until end of transaction block
2026-09-05 21:40:51,618 - __main__ - INFO - Se馻l de interrupci髇 recibida, cerrando...
2026-09-05 21:40:52,836 - __main__ - INFO - Conexi髇 a Supabase cerrada
2026-09-05 21:43:47,468 - __main__ - INFO - ==================================================
2026-09-05 21:43:47,468 - __main__ - INFO - Iniciando Data Pipeline para Grid Trading Bot
2026-09-05 21:43:47,471 - __main__ - INFO - ==================================================
2026-09-05 21:43:47,472 - __main__ - INFO - Configuraci髇 cargada: BTC-USDT - ['15m', '1H', '4H']
2026-09-05 21:43:49,557 - __main__ - INFO - Conexi髇 a Supabase establecida
2026-09-05 21:43:49,558 - __main__ - INFO - Iniciando descarga 15m
2026-09-05 21:43:49,561 - __main__ - INFO - Iniciando descarga 1H
2026-09-05 21:43:49,561 - __main__ - INFO - Iniciando descarga 4H
2026-09-05 21:44:04,698 - __main__ - INFO - 1H: Guardados 100 klines (total: 100)
2026-09-05 21:44:04,972 - __main__ - INFO - 4H: Guardados 100 klines (total: 100)
2026-09-05 21:44:05,206 - __main__ - INFO - 15m: Guardados 100 klines (total: 100)
2026-09-05 21:44:19,830 - __main__ - INFO - 4H: Guardados 99 klines (total: 199)
2026-09-05 21:44:20,637 - __main__ - INFO - 15m: Guardados 99 klines (total: 199)
2026-09-05 21:44:20,874 - __main__ - INFO - 1H: Guardados 99 klines (total: 199)
2026-09-05 21:44:35,640 - __main__ - INFO - 4H: Guardados 99 klines (total: 298)
2026-09-05 21:44:36,292 - __main__ - INFO - 1H: Guardados 99 klines (total: 298)
2026-09-05 21:44:37,065 - __main__ - INFO - 15m: Guardados 99 klines (total: 298)
2026-09-05 21:44:50,129 - __main__ - INFO - 4H: Guardados 99 klines (total: 397)
2026-09-05 21:44:51,937 - __main__ - INFO - 1H: Guardados 99 klines (total: 397)
2026-09-05 21:44:52,225 - __main__ - INFO - 15m: Guardados 99 klines (total: 397)
2026-09-05 21:45:04,654 - __main__ - INFO - 4H: Guardados 99 klines (total: 496)
2026-09-05 21:45:07,247 - __main__ - INFO - 1H: Guardados 99 klines (total: 496)
2026-09-05 21:45:08,117 - __main__ - INFO - 15m: Guardados 99 klines (total: 496)
2026-09-05 21:45:19,192 - __main__ - INFO - 4H: Guardados 99 klines (total: 595)
2026-09-05 21:56:03,056 - __main__ - INFO - Se馻l de interrupci髇 recibida, cerrando...
2026-09-05 21:56:03,256 - __main__ - INFO - Se馻l de interrupci髇 recibida, cerrando...
2026-09-05 21:56:03,283 - asyncio - ERROR - Unclosed client session
client_session: <aiohttp.client.ClientSession object at 0x0000023B1BA930E0>
2026-09-05 21:56:03,284 - asyncio - ERROR - Unclosed connector
connections: ['deque([(<aiohttp.client_proto.ResponseHandler object at 0x0000023B1BB23690>, 1137867.7910494)])']
connector: <aiohttp.connector.TCPConnector object at 0x0000023B1BA93230>
2026-09-05 21:56:03,284 - __main__ - ERROR - Error en 15m: There is no current event loop in thread 'MainThread'.
2026-09-05 21:56:03,347 - __main__ - ERROR - Error en 1H: There is no current event loop in thread 'MainThread'.
2026-09-05 21:56:03,353 - __main__ - ERROR - Error en 4H: There is no current event loop in thread 'MainThread'.
2026-09-05 21:56:03,359 - asyncio - ERROR - Task was destroyed but it is pending!
task: <Task pending name='Task-39' coro=<Connection._cancel() done, defined at C:\Users\hpc\Desktop\grid_trading_bot\venv\Lib\site-packages\asyncpg\connection.py:1652> wait_for=<Future pending cb=[Task.task_wakeup()]>>
2026-09-05 21:56:03,359 - asyncio - ERROR - Task was destroyed but it is pending!
task: <Task pending name='Task-40' coro=<Connection._cancel() done, defined at C:\Users\hpc\Desktop\grid_trading_bot\venv\Lib\site-packages\asyncpg\connection.py:1652> wait_for=<Future pending cb=[Task.task_wakeup()]>>
2026-09-05 21:56:03,411 - asyncio - ERROR - Task was destroyed but it is pending!
task: <Task pending name='Task-41' coro=<Connection._cancel() done, defined at C:\Users\hpc\Desktop\grid_trading_bot\venv\Lib\site-packages\asyncpg\connection.py:1652> wait_for=<Future pending cb=[Task.task_wakeup()]>>
2026-09-05 21:56:03,412 - __main__ - ERROR - Error fatal: Event loop is closed
2026-09-05 21:56:03,415 - asyncio - ERROR - Task was destroyed but it is pending!
task: <Task cancelling name='Task-1' coro=<main() done, defined at C:\Users\hpc\Desktop\grid_trading_bot\data_pipeline.py:293> wait_for=<_GatheringFuture pending cb=[Task.task_wakeup()]> cb=[gather.<locals>._done_callback() at C:\Users\hpc\AppData\Local\Programs\Python\Python313\Lib\asyncio\tasks.py:820]>
2026-09-05 22:18:10,022 - __main__ - INFO - ==================================================
2026-09-05 22:18:10,023 - __main__ - INFO - Iniciando Data Pipeline para Grid Trading Bot
2026-09-05 22:18:10,023 - __main__ - INFO - ==================================================
2026-09-05 22:18:10,023 - __main__ - INFO - Configuraci髇 cargada: BTC-USDT - ['15m', '1H', '4H']
2026-09-05 22:18:12,106 - __main__ - INFO - Conexi髇 a Supabase establecida
2026-09-05 22:18:12,106 - __main__ - INFO - Iniciando descarga 15m
2026-09-05 22:18:12,109 - __main__ - INFO - Iniciando descarga 1H
2026-09-05 22:18:12,110 - __main__ - INFO - Iniciando descarga 4H
2026-09-05 22:18:27,694 - __main__ - INFO - 15m: Guardados 100 klines (total: 100)
2026-09-05 22:18:28,051 - __main__ - INFO - 4H: Guardados 100 klines (total: 100)
2026-09-05 22:18:28,100 - __main__ - INFO - 1H: Guardados 100 klines (total: 100)
2026-09-05 22:18:42,959 - __main__ - INFO - Se馻l de interrupci髇 recibida, cerrando...
2026-09-05 22:18:44,155 - __main__ - INFO - Conexi髇 a Supabase cerrada
2026-09-05 22:32:32,767 - __main__ - INFO - ============================================================
2026-09-05 22:32:32,767 - __main__ - INFO - Iniciando Data Pipeline para Grid Trading Bot
2026-09-05 22:32:32,768 - __main__ - INFO - ============================================================
2026-09-05 22:32:32,769 - __main__ - INFO - Configuracion: BTC-USDT - ['15m', '1H', '4H']
2026-09-05 22:32:32,770 - __main__ - INFO - Dias de historia: 30
2026-09-05 22:32:34,922 - __main__ - INFO - Conexion a Supabase establecida
2026-09-05 22:32:34,923 - __main__ - INFO - Iniciando descarga 15m - 30 dias
2026-09-05 22:32:42,292 - __main__ - INFO - 15m: 496 klines guardados (5 batches)
2026-09-05 22:32:49,791 - __main__ - INFO - 15m: 991 klines guardados (10 batches)
2026-09-05 22:32:57,215 - __main__ - INFO - 15m: 1486 klines guardados (15 batches)
2026-09-05 22:33:04,556 - __main__ - INFO - 15m: 1981 klines guardados (20 batches)
2026-09-05 22:33:12,051 - __main__ - INFO - 15m: 2476 klines guardados (25 batches)
2026-09-05 22:33:19,438 - __main__ - INFO - 15m: 2971 klines guardados (30 batches)
2026-09-05 22:33:26,831 - __main__ - INFO - 15m: 3466 klines guardados (35 batches)
2026-09-05 22:33:34,212 - __main__ - INFO - 15m: 3961 klines guardados (40 batches)
2026-09-05 22:33:41,575 - __main__ - INFO - 15m: 4456 klines guardados (45 batches)
2026-09-05 22:33:49,161 - __main__ - INFO - 15m: 4951 klines guardados (50 batches)
2026-09-05 22:33:57,140 - __main__ - INFO - 15m: 5446 klines guardados (55 batches)
2026-09-05 22:34:04,811 - __main__ - INFO - 15m: 5941 klines guardados (60 batches)
2026-09-05 22:34:12,371 - __main__ - INFO - 15m: 6436 klines guardados (65 batches)
2026-09-05 22:34:19,877 - __main__ - INFO - 15m: 6931 klines guardados (70 batches)
2026-09-05 22:34:27,119 - __main__ - INFO - 15m: 7426 klines guardados (75 batches)
2026-09-05 22:34:34,349 - __main__ - INFO - 15m: 7921 klines guardados (80 batches)
2026-09-05 22:34:41,810 - __main__ - INFO - 15m: 8416 klines guardados (85 batches)
2026-09-05 22:34:49,011 - __main__ - INFO - 15m: 8911 klines guardados (90 batches)
2026-09-05 22:34:56,509 - __main__ - INFO - 15m: 9406 klines guardados (95 batches)
2026-09-05 22:35:03,927 - __main__ - INFO - 15m: 9901 klines guardados (100 batches)
2026-09-05 22:35:11,549 - __main__ - INFO - 15m: 10396 klines guardados (105 batches)
2026-09-05 22:35:18,762 - __main__ - INFO - 15m: 10891 klines guardados (110 batches)
2026-09-05 22:35:26,129 - __main__ - INFO - 15m: 11386 klines guardados (115 batches)
2026-09-05 22:35:33,970 - __main__ - INFO - 15m: 11881 klines guardados (120 batches)
2026-09-05 22:35:41,730 - __main__ - INFO - 15m: 12376 klines guardados (125 batches)
2026-09-05 22:35:49,079 - __main__ - INFO - 15m: 12871 klines guardados (130 batches)
2026-09-05 22:35:56,808 - __main__ - INFO - 15m: 13366 klines guardados (135 batches)
2026-09-05 22:36:04,189 - __main__ - INFO - 15m: 13861 klines guardados (140 batches)
2026-09-05 22:36:11,558 - __main__ - INFO - 15m: 14356 klines guardados (145 batches)
2026-09-05 22:36:19,106 - __main__ - INFO - 15m: 14851 klines guardados (150 batches)
2026-09-05 22:36:26,263 - __main__ - INFO - 15m: 15346 klines guardados (155 batches)
2026-09-05 22:36:33,402 - __main__ - INFO - 15m: 15841 klines guardados (160 batches)
2026-09-05 22:36:40,349 - __main__ - INFO - 15m: 16336 klines guardados (165 batches)
2026-09-05 22:36:47,538 - __main__ - INFO - 15m: 16831 klines guardados (170 batches)
2026-09-05 22:36:54,552 - __main__ - INFO - 15m: 17326 klines guardados (175 batches)
2026-09-05 22:37:01,651 - __main__ - INFO - 15m: 17821 klines guardados (180 batches)
2026-09-05 22:37:09,218 - __main__ - INFO - 15m: 18316 klines guardados (185 batches)
2026-09-05 22:37:16,529 - __main__ - INFO - 15m: 18811 klines guardados (190 batches)
2026-09-05 22:37:24,048 - __main__ - INFO - 15m: 19306 klines guardados (195 batches)
2026-09-05 22:37:31,477 - __main__ - INFO - 15m: 19801 klines guardados (200 batches)
2026-09-05 22:37:55,951 - __main__ - ERROR - Error guardando batch: connection was closed in the middle of operation
2026-09-05 22:37:58,608 - __main__ - INFO - 15m: 20197 klines guardados (205 batches)
2026-09-05 22:38:02,334 - __main__ - INFO - Interrupcion recibida, cerrando...
2026-09-05 22:38:03,425 - __main__ - INFO - Conexion cerrada
2026-09-05 22:38:11,200 - __main__ - INFO - ============================================================
2026-09-05 22:38:11,200 - __main__ - INFO - Iniciando Pipeline - 30 dias de historia
2026-09-05 22:38:11,202 - __main__ - INFO - ============================================================
2026-09-05 22:38:14,818 - __main__ - INFO - Conexion establecida
2026-09-05 22:38:14,820 - __main__ - INFO - Iniciando descarga 15m - 30 dias
2026-09-05 22:38:14,824 - __main__ - INFO - Estimado: 2880 velas en 29 batches
2026-09-05 22:38:16,082 - __main__ - INFO - 15m: Batch 1/29 (3.4%) - 100 velas
2026-09-05 22:38:17,378 - __main__ - INFO - 15m: Batch 2/29 (6.9%) - 199 velas
2026-09-05 22:38:18,657 - __main__ - INFO - 15m: Batch 3/29 (10.3%) - 298 velas
2026-09-05 22:38:20,228 - __main__ - INFO - 15m: Batch 4/29 (13.8%) - 397 velas
2026-09-05 22:38:21,568 - __main__ - INFO - 15m: Batch 5/29 (17.2%) - 496 velas
2026-09-05 22:38:22,838 - __main__ - INFO - 15m: Batch 6/29 (20.7%) - 595 velas
2026-09-05 22:38:24,129 - __main__ - INFO - 15m: Batch 7/29 (24.1%) - 694 velas
2026-09-05 22:38:25,401 - __main__ - INFO - 15m: Batch 8/29 (27.6%) - 793 velas
2026-09-05 22:38:26,727 - __main__ - INFO - 15m: Batch 9/29 (31.0%) - 892 velas
2026-09-05 22:38:27,990 - __main__ - INFO - 15m: Batch 10/29 (34.5%) - 991 velas
2026-09-05 22:38:29,263 - __main__ - INFO - 15m: Batch 11/29 (37.9%) - 1090 velas
2026-09-05 22:38:30,536 - __main__ - INFO - 15m: Batch 12/29 (41.4%) - 1189 velas
2026-09-05 22:38:31,767 - __main__ - INFO - 15m: Batch 13/29 (44.8%) - 1288 velas
2026-09-05 22:38:33,032 - __main__ - INFO - 15m: Batch 14/29 (48.3%) - 1387 velas
2026-09-05 22:38:34,295 - __main__ - INFO - 15m: Batch 15/29 (51.7%) - 1486 velas
2026-09-05 22:38:35,512 - __main__ - INFO - 15m: Batch 16/29 (55.2%) - 1585 velas
2026-09-05 22:38:36,772 - __main__ - INFO - 15m: Batch 17/29 (58.6%) - 1684 velas
2026-09-05 22:38:38,048 - __main__ - INFO - 15m: Batch 18/29 (62.1%) - 1783 velas
2026-09-05 22:38:39,392 - __main__ - INFO - 15m: Batch 19/29 (65.5%) - 1882 velas
2026-09-05 22:38:40,757 - __main__ - INFO - 15m: Batch 20/29 (69.0%) - 1981 velas
2026-09-05 22:38:42,177 - __main__ - INFO - 15m: Batch 21/29 (72.4%) - 2080 velas
2026-09-05 22:38:43,426 - __main__ - INFO - 15m: Batch 22/29 (75.9%) - 2179 velas
2026-09-05 22:38:44,918 - __main__ - INFO - 15m: Batch 23/29 (79.3%) - 2278 velas
2026-09-05 22:38:46,217 - __main__ - INFO - 15m: Batch 24/29 (82.8%) - 2377 velas
2026-09-05 22:38:47,485 - __main__ - INFO - 15m: Batch 25/29 (86.2%) - 2476 velas
2026-09-05 22:38:48,777 - __main__ - INFO - 15m: Batch 26/29 (89.7%) - 2575 velas
2026-09-05 22:38:50,128 - __main__ - INFO - 15m: Batch 27/29 (93.1%) - 2674 velas
2026-09-05 22:38:51,402 - __main__ - INFO - 15m: Batch 28/29 (96.6%) - 2773 velas
2026-09-05 22:38:52,742 - __main__ - INFO - 15m: Batch 29/29 (100.0%) - 2872 velas
2026-09-05 22:38:53,992 - __main__ - INFO - 15m: Batch 30/29 (103.4%) - 2971 velas
2026-09-05 22:38:55,256 - __main__ - INFO - 15m: Batch 31/29 (106.9%) - 3070 velas
2026-09-05 22:38:56,608 - __main__ - INFO - 15m: Batch 32/29 (110.3%) - 3169 velas
2026-09-05 22:38:57,813 - __main__ - INFO - 15m: Batch 33/29 (113.8%) - 3268 velas
2026-09-05 22:38:59,176 - __main__ - INFO - 15m: Batch 34/29 (117.2%) - 3367 velas
2026-09-05 22:39:00,609 - __main__ - INFO - 15m: Batch 35/29 (120.7%) - 3466 velas
2026-09-05 22:39:01,943 - __main__ - INFO - 15m: Batch 36/29 (124.1%) - 3565 velas
2026-09-05 22:39:04,449 - __main__ - INFO - 15m: Batch 37/29 (127.6%) - 3664 velas
2026-09-05 22:39:05,684 - __main__ - INFO - 15m: Batch 38/29 (131.0%) - 3763 velas
2026-09-05 22:39:06,923 - __main__ - INFO - 15m: Batch 39/29 (134.5%) - 3862 velas
2026-09-05 22:39:08,213 - __main__ - INFO - 15m: Batch 40/29 (137.9%) - 3961 velas
2026-09-05 22:39:09,473 - __main__ - INFO - 15m: Batch 41/29 (141.4%) - 4060 velas
2026-09-05 22:39:10,757 - __main__ - INFO - 15m: Batch 42/29 (144.8%) - 4159 velas
2026-09-05 22:39:11,991 - __main__ - INFO - 15m: Batch 43/29 (148.3%) - 4258 velas
2026-09-05 22:39:13,227 - __main__ - INFO - 15m: Batch 44/29 (151.7%) - 4357 velas
2026-09-05 22:39:14,602 - __main__ - INFO - 15m: Batch 45/29 (155.2%) - 4456 velas
2026-09-05 22:39:15,812 - __main__ - INFO - 15m: Batch 46/29 (158.6%) - 4555 velas
2026-09-05 22:39:17,007 - __main__ - INFO - 15m: Batch 47/29 (162.1%) - 4654 velas
2026-09-05 22:39:18,232 - __main__ - INFO - 15m: Batch 48/29 (165.5%) - 4753 velas
2026-09-05 22:39:19,469 - __main__ - INFO - 15m: Batch 49/29 (169.0%) - 4852 velas
2026-09-05 22:39:20,708 - __main__ - INFO - 15m: Batch 50/29 (172.4%) - 4951 velas
2026-09-05 22:39:21,929 - __main__ - INFO - 15m: Batch 51/29 (175.9%) - 5050 velas
2026-09-05 22:39:23,260 - __main__ - INFO - 15m: Batch 52/29 (179.3%) - 5149 velas
2026-09-05 22:39:24,528 - __main__ - INFO - 15m: Batch 53/29 (182.8%) - 5248 velas
2026-09-05 22:39:25,860 - __main__ - INFO - 15m: Batch 54/29 (186.2%) - 5347 velas
2026-09-05 22:39:27,309 - __main__ - INFO - 15m: Batch 55/29 (189.7%) - 5446 velas
2026-09-05 22:39:28,752 - __main__ - INFO - 15m: Batch 56/29 (193.1%) - 5545 velas
2026-09-05 22:39:30,043 - __main__ - INFO - 15m: Batch 57/29 (196.6%) - 5644 velas
2026-09-05 22:39:31,416 - __main__ - INFO - 15m: Batch 58/29 (200.0%) - 5743 velas
2026-09-05 22:39:32,776 - __main__ - INFO - 15m: Batch 59/29 (203.4%) - 5842 velas
2026-09-05 22:39:34,128 - __main__ - INFO - 15m: Batch 60/29 (206.9%) - 5941 velas
2026-09-05 22:39:35,414 - __main__ - INFO - 15m: Batch 61/29 (210.3%) - 6040 velas
2026-09-05 22:39:36,760 - __main__ - INFO - 15m: Batch 62/29 (213.8%) - 6139 velas
2026-09-05 22:39:38,209 - __main__ - INFO - 15m: Batch 63/29 (217.2%) - 6238 velas
2026-09-05 22:39:39,572 - __main__ - INFO - 15m: Batch 64/29 (220.7%) - 6337 velas
2026-09-05 22:39:40,843 - __main__ - INFO - 15m: Batch 65/29 (224.1%) - 6436 velas
2026-09-05 22:39:42,208 - __main__ - INFO - 15m: Batch 66/29 (227.6%) - 6535 velas
2026-09-05 22:39:43,648 - __main__ - INFO - 15m: Batch 67/29 (231.0%) - 6634 velas
2026-09-05 22:39:45,072 - __main__ - INFO - 15m: Batch 68/29 (234.5%) - 6733 velas
2026-09-05 22:39:46,369 - __main__ - INFO - 15m: Batch 69/29 (237.9%) - 6832 velas
2026-09-05 22:39:47,888 - __main__ - INFO - 15m: Batch 70/29 (241.4%) - 6931 velas
2026-09-05 22:39:49,176 - __main__ - INFO - 15m: Batch 71/29 (244.8%) - 7030 velas
2026-09-05 22:39:50,528 - __main__ - INFO - 15m: Batch 72/29 (248.3%) - 7129 velas
2026-09-05 22:39:51,896 - __main__ - INFO - 15m: Batch 73/29 (251.7%) - 7228 velas
2026-09-05 22:39:53,142 - __main__ - INFO - 15m: Batch 74/29 (255.2%) - 7327 velas
2026-09-05 22:39:54,448 - __main__ - INFO - 15m: Batch 75/29 (258.6%) - 7426 velas
2026-09-05 22:39:55,824 - __main__ - INFO - 15m: Batch 76/29 (262.1%) - 7525 velas
2026-09-05 22:39:57,256 - __main__ - INFO - 15m: Batch 77/29 (265.5%) - 7624 velas
2026-09-05 22:39:58,512 - __main__ - INFO - 15m: Batch 78/29 (269.0%) - 7723 velas
2026-09-05 22:39:59,808 - __main__ - INFO - 15m: Batch 79/29 (272.4%) - 7822 velas
2026-09-05 22:40:01,322 - __main__ - INFO - 15m: Batch 80/29 (275.9%) - 7921 velas
2026-09-05 22:40:02,608 - __main__ - INFO - 15m: Batch 81/29 (279.3%) - 8020 velas
2026-09-05 22:40:03,888 - __main__ - INFO - 15m: Batch 82/29 (282.8%) - 8119 velas
2026-09-05 22:40:05,162 - __main__ - INFO - 15m: Batch 83/29 (286.2%) - 8218 velas
2026-09-05 22:40:06,422 - __main__ - INFO - 15m: Batch 84/29 (289.7%) - 8317 velas
2026-09-05 22:40:07,662 - __main__ - INFO - 15m: Batch 85/29 (293.1%) - 8416 velas
2026-09-05 22:40:09,008 - __main__ - INFO - 15m: Batch 86/29 (296.6%) - 8515 velas
2026-09-05 22:40:10,262 - __main__ - INFO - 15m: Batch 87/29 (300.0%) - 8614 velas
2026-09-05 22:40:11,635 - __main__ - INFO - 15m: Batch 88/29 (303.4%) - 8713 velas
2026-09-05 22:40:13,009 - __main__ - INFO - 15m: Batch 89/29 (306.9%) - 8812 velas
2026-09-05 22:40:14,274 - __main__ - INFO - 15m: Batch 90/29 (310.3%) - 8911 velas
2026-09-05 22:40:15,501 - __main__ - INFO - 15m: Batch 91/29 (313.8%) - 9010 velas
2026-09-05 22:40:16,730 - __main__ - INFO - 15m: Batch 92/29 (317.2%) - 9109 velas
2026-09-05 22:40:17,968 - __main__ - INFO - 15m: Batch 93/29 (320.7%) - 9208 velas
2026-09-05 22:40:19,236 - __main__ - INFO - 15m: Batch 94/29 (324.1%) - 9307 velas
2026-09-05 22:40:20,525 - __main__ - INFO - 15m: Batch 95/29 (327.6%) - 9406 velas
2026-09-05 22:40:21,887 - __main__ - INFO - 15m: Batch 96/29 (331.0%) - 9505 velas
2026-09-05 22:40:23,157 - __main__ - INFO - 15m: Batch 97/29 (334.5%) - 9604 velas
2026-09-05 22:40:24,447 - __main__ - INFO - 15m: Batch 98/29 (337.9%) - 9703 velas
2026-09-05 22:40:25,983 - __main__ - INFO - 15m: Batch 99/29 (341.4%) - 9802 velas
2026-09-05 22:40:27,242 - __main__ - INFO - 15m: Batch 100/29 (344.8%) - 9901 velas
2026-09-05 22:40:28,527 - __main__ - INFO - 15m: Batch 101/29 (348.3%) - 10000 velas
2026-09-05 22:40:29,752 - __main__ - INFO - 15m: Batch 102/29 (351.7%) - 10099 velas
2026-09-05 22:40:30,992 - __main__ - INFO - 15m: Batch 103/29 (355.2%) - 10198 velas
2026-09-05 22:40:32,221 - __main__ - INFO - 15m: Batch 104/29 (358.6%) - 10297 velas
2026-09-05 22:40:33,471 - __main__ - INFO - 15m: Batch 105/29 (362.1%) - 10396 velas
2026-09-05 22:40:34,688 - __main__ - INFO - 15m: Batch 106/29 (365.5%) - 10495 velas
2026-09-05 22:40:36,198 - __main__ - INFO - 15m: Batch 107/29 (369.0%) - 10594 velas
2026-09-05 22:40:37,592 - __main__ - INFO - 15m: Batch 108/29 (372.4%) - 10693 velas
2026-09-05 22:40:38,831 - __main__ - INFO - 15m: Batch 109/29 (375.9%) - 10792 velas
2026-09-05 22:40:40,084 - __main__ - INFO - 15m: Batch 110/29 (379.3%) - 10891 velas
2026-09-05 22:40:41,328 - __main__ - INFO - 15m: Batch 111/29 (382.8%) - 10990 velas
2026-09-05 22:40:42,617 - __main__ - INFO - 15m: Batch 112/29 (386.2%) - 11089 velas
2026-09-05 22:40:43,897 - __main__ - INFO - 15m: Batch 113/29 (389.7%) - 11188 velas
2026-09-05 22:40:45,127 - __main__ - INFO - 15m: Batch 114/29 (393.1%) - 11287 velas
2026-09-05 22:40:46,361 - __main__ - INFO - 15m: Batch 115/29 (396.6%) - 11386 velas
2026-09-05 22:40:47,656 - __main__ - INFO - 15m: Batch 116/29 (400.0%) - 11485 velas
2026-09-05 22:40:48,950 - __main__ - INFO - 15m: Batch 117/29 (403.4%) - 11584 velas
2026-09-05 22:40:50,227 - __main__ - INFO - 15m: Batch 118/29 (406.9%) - 11683 velas
2026-09-05 22:40:51,517 - __main__ - INFO - 15m: Batch 119/29 (410.3%) - 11782 velas
2026-09-05 22:40:52,928 - __main__ - INFO - 15m: Batch 120/29 (413.8%) - 11881 velas
2026-09-05 22:40:54,211 - __main__ - INFO - 15m: Batch 121/29 (417.2%) - 11980 velas
2026-09-05 22:40:55,576 - __main__ - INFO - 15m: Batch 122/29 (420.7%) - 12079 velas
2026-09-05 22:40:56,801 - __main__ - INFO - 15m: Batch 123/29 (424.1%) - 12178 velas
2026-09-05 22:40:58,128 - __main__ - INFO - 15m: Batch 124/29 (427.6%) - 12277 velas
2026-09-05 22:40:59,647 - __main__ - INFO - 15m: Batch 125/29 (431.0%) - 12376 velas
2026-09-05 22:41:01,052 - __main__ - INFO - 15m: Batch 126/29 (434.5%) - 12475 velas
2026-09-05 22:41:02,607 - __main__ - INFO - 15m: Batch 127/29 (437.9%) - 12574 velas
2026-09-05 22:41:03,887 - __main__ - INFO - 15m: Batch 128/29 (441.4%) - 12673 velas
2026-09-05 22:41:05,152 - __main__ - INFO - 15m: Batch 129/29 (444.8%) - 12772 velas
2026-09-05 22:41:06,533 - __main__ - INFO - 15m: Batch 130/29 (448.3%) - 12871 velas
2026-09-05 22:41:07,882 - __main__ - INFO - 15m: Batch 131/29 (451.7%) - 12970 velas
2026-09-05 22:41:09,131 - __main__ - INFO - 15m: Batch 132/29 (455.2%) - 13069 velas
2026-09-05 22:41:10,447 - __main__ - INFO - 15m: Batch 133/29 (458.6%) - 13168 velas
2026-09-05 22:41:11,807 - __main__ - INFO - 15m: Batch 134/29 (462.1%) - 13267 velas
2026-09-05 22:41:13,154 - __main__ - INFO - 15m: Batch 135/29 (465.5%) - 13366 velas
2026-09-05 22:41:14,681 - __main__ - INFO - 15m: Batch 136/29 (469.0%) - 13465 velas
2026-09-05 22:41:16,204 - __main__ - INFO - 15m: Batch 137/29 (472.4%) - 13564 velas
2026-09-05 22:41:17,541 - __main__ - INFO - 15m: Batch 138/29 (475.9%) - 13663 velas
2026-09-05 22:41:18,845 - __main__ - INFO - 15m: Batch 139/29 (479.3%) - 13762 velas
2026-09-05 22:41:20,096 - __main__ - INFO - 15m: Batch 140/29 (482.8%) - 13861 velas
2026-09-05 22:41:21,416 - __main__ - INFO - 15m: Batch 141/29 (486.2%) - 13960 velas
2026-09-05 22:41:22,934 - __main__ - INFO - 15m: Batch 142/29 (489.7%) - 14059 velas
2026-09-05 22:41:24,295 - __main__ - INFO - 15m: Batch 143/29 (493.1%) - 14158 velas
2026-09-05 22:41:25,766 - __main__ - INFO - 15m: Batch 144/29 (496.6%) - 14257 velas
2026-09-05 22:41:27,166 - __main__ - INFO - 15m: Batch 145/29 (500.0%) - 14356 velas
2026-09-05 22:41:28,607 - __main__ - INFO - 15m: Batch 146/29 (503.4%) - 14455 velas
2026-09-05 22:41:29,900 - __main__ - INFO - 15m: Batch 147/29 (506.9%) - 14554 velas
2026-09-05 22:41:31,171 - __main__ - INFO - 15m: Batch 148/29 (510.3%) - 14653 velas
2026-09-05 22:41:32,534 - __main__ - INFO - 15m: Batch 149/29 (513.8%) - 14752 velas
2026-09-05 22:41:33,807 - __main__ - INFO - 15m: Batch 150/29 (517.2%) - 14851 velas
2026-09-05 22:41:35,112 - __main__ - INFO - 15m: Batch 151/29 (520.7%) - 14950 velas
2026-09-05 22:41:36,367 - __main__ - INFO - 15m: Batch 152/29 (524.1%) - 15049 velas
2026-09-05 22:41:37,712 - __main__ - INFO - 15m: Batch 153/29 (527.6%) - 15148 velas
2026-09-05 22:41:39,247 - __main__ - INFO - 15m: Batch 154/29 (531.0%) - 15247 velas
2026-09-05 22:41:40,491 - __main__ - INFO - 15m: Batch 155/29 (534.5%) - 15346 velas
2026-09-05 22:41:41,732 - __main__ - INFO - 15m: Batch 156/29 (537.9%) - 15445 velas
2026-09-05 22:41:43,131 - __main__ - INFO - 15m: Batch 157/29 (541.4%) - 15544 velas
2026-09-05 22:41:44,447 - __main__ - INFO - 15m: Batch 158/29 (544.8%) - 15643 velas
2026-09-05 22:41:45,791 - __main__ - INFO - 15m: Batch 159/29 (548.3%) - 15742 velas
2026-09-05 22:41:47,256 - __main__ - INFO - 15m: Batch 160/29 (551.7%) - 15841 velas
2026-09-05 22:41:48,529 - __main__ - INFO - 15m: Batch 161/29 (555.2%) - 15940 velas
2026-09-05 22:41:49,942 - __main__ - INFO - 15m: Batch 162/29 (558.6%) - 16039 velas
2026-09-05 22:41:51,301 - __main__ - INFO - 15m: Batch 163/29 (562.1%) - 16138 velas
2026-09-05 22:41:52,661 - __main__ - INFO - 15m: Batch 164/29 (565.5%) - 16237 velas
2026-09-05 22:41:53,891 - __main__ - INFO - 15m: Batch 165/29 (569.0%) - 16336 velas
2026-09-05 22:41:55,121 - __main__ - INFO - 15m: Batch 166/29 (572.4%) - 16435 velas
2026-09-05 22:41:56,448 - __main__ - INFO - 15m: Batch 167/29 (575.9%) - 16534 velas
2026-09-05 22:41:57,710 - __main__ - INFO - 15m: Batch 168/29 (579.3%) - 16633 velas
2026-09-05 22:41:59,087 - __main__ - INFO - 15m: Batch 169/29 (582.8%) - 16732 velas
2026-09-05 22:42:00,442 - __main__ - INFO - 15m: Batch 170/29 (586.2%) - 16831 velas
2026-09-05 22:42:01,686 - __main__ - INFO - 15m: Batch 171/29 (589.7%) - 16930 velas
2026-09-05 22:42:02,920 - __main__ - INFO - 15m: Batch 172/29 (593.1%) - 17029 velas
2026-09-05 22:42:04,211 - __main__ - INFO - 15m: Batch 173/29 (596.6%) - 17128 velas
2026-09-05 22:42:05,461 - __main__ - INFO - 15m: Batch 174/29 (600.0%) - 17227 velas
2026-09-05 22:42:06,741 - __main__ - INFO - 15m: Batch 175/29 (603.4%) - 17326 velas
2026-09-05 22:42:07,979 - __main__ - INFO - 15m: Batch 176/29 (606.9%) - 17425 velas
2026-09-05 22:42:09,201 - __main__ - INFO - 15m: Batch 177/29 (610.3%) - 17524 velas
2026-09-05 22:42:10,456 - __main__ - INFO - 15m: Batch 178/29 (613.8%) - 17623 velas
2026-09-05 22:42:11,718 - __main__ - INFO - 15m: Batch 179/29 (617.2%) - 17722 velas
2026-09-05 22:42:13,166 - __main__ - INFO - 15m: Batch 180/29 (620.7%) - 17821 velas
2026-09-05 22:42:14,452 - __main__ - INFO - 15m: Batch 181/29 (624.1%) - 17920 velas
2026-09-05 22:42:15,790 - __main__ - INFO - 15m: Batch 182/29 (627.6%) - 18019 velas
2026-09-05 22:42:17,311 - __main__ - INFO - 15m: Batch 183/29 (631.0%) - 18118 velas
2026-09-05 22:42:18,570 - __main__ - INFO - 15m: Batch 184/29 (634.5%) - 18217 velas
2026-09-05 22:42:19,967 - __main__ - INFO - 15m: Batch 185/29 (637.9%) - 18316 velas
2026-09-05 22:42:21,487 - __main__ - INFO - 15m: Batch 186/29 (641.4%) - 18415 velas
2026-09-05 22:42:22,750 - __main__ - INFO - 15m: Batch 187/29 (644.8%) - 18514 velas
2026-09-05 22:42:24,047 - __main__ - INFO - 15m: Batch 188/29 (648.3%) - 18613 velas
2026-09-05 22:42:25,407 - __main__ - INFO - 15m: Batch 189/29 (651.7%) - 18712 velas
2026-09-05 22:42:26,766 - __main__ - INFO - 15m: Batch 190/29 (655.2%) - 18811 velas
2026-09-05 22:42:28,191 - __main__ - INFO - 15m: Batch 191/29 (658.6%) - 18910 velas
2026-09-05 22:42:29,567 - __main__ - INFO - 15m: Batch 192/29 (662.1%) - 19009 velas
2026-09-05 22:42:30,847 - __main__ - INFO - 15m: Batch 193/29 (665.5%) - 19108 velas
2026-09-05 22:42:32,135 - __main__ - INFO - 15m: Batch 194/29 (669.0%) - 19207 velas
2026-09-05 22:42:33,401 - __main__ - INFO - 15m: Batch 195/29 (672.4%) - 19306 velas
2026-09-05 22:42:34,847 - __main__ - INFO - 15m: Batch 196/29 (675.9%) - 19405 velas
2026-09-05 22:42:36,221 - __main__ - INFO - 15m: Batch 197/29 (679.3%) - 19504 velas
2026-09-05 22:42:37,471 - __main__ - INFO - 15m: Batch 198/29 (682.8%) - 19603 velas
2026-09-05 22:42:38,687 - __main__ - INFO - 15m: Batch 199/29 (686.2%) - 19702 velas
2026-09-05 22:42:39,975 - __main__ - INFO - 15m: Batch 200/29 (689.7%) - 19801 velas
2026-09-05 22:42:41,247 - __main__ - INFO - 15m: Batch 201/29 (693.1%) - 19900 velas
2026-09-05 22:42:42,614 - __main__ - INFO - 15m: Batch 202/29 (696.6%) - 19999 velas
2026-09-05 22:42:43,975 - __main__ - INFO - 15m: Batch 203/29 (700.0%) - 20098 velas
2026-09-05 22:42:45,206 - __main__ - INFO - 15m: Batch 204/29 (703.4%) - 20197 velas
2026-09-05 22:42:46,522 - __main__ - INFO - 15m: Batch 205/29 (706.9%) - 20296 velas
2026-09-05 22:42:47,784 - __main__ - INFO - 15m: Batch 206/29 (710.3%) - 20395 velas
2026-09-05 22:42:49,133 - __main__ - INFO - 15m: Batch 207/29 (713.8%) - 20494 velas
2026-09-05 22:42:50,458 - __main__ - INFO - 15m: Batch 208/29 (717.2%) - 20593 velas
2026-09-05 22:42:51,814 - __main__ - INFO - 15m: Batch 209/29 (720.7%) - 20692 velas
2026-09-05 22:42:53,247 - __main__ - INFO - 15m: Batch 210/29 (724.1%) - 20791 velas
2026-09-05 22:42:54,926 - __main__ - INFO - 15m: Batch 211/29 (727.6%) - 20890 velas
2026-09-05 22:42:56,200 - __main__ - INFO - 15m: Batch 212/29 (731.0%) - 20989 velas
2026-09-05 22:42:57,845 - __main__ - INFO - 15m: Batch 213/29 (734.5%) - 21088 velas
2026-09-05 22:42:59,119 - __main__ - INFO - 15m: Batch 214/29 (737.9%) - 21187 velas
2026-09-05 22:43:00,671 - __main__ - INFO - 15m: Batch 215/29 (741.4%) - 21286 velas
2026-09-05 22:43:01,941 - __main__ - INFO - 15m: Batch 216/29 (744.8%) - 21385 velas
2026-09-05 22:43:03,380 - __main__ - INFO - 15m: Batch 217/29 (748.3%) - 21484 velas
2026-09-05 22:43:04,722 - __main__ - INFO - 15m: Batch 218/29 (751.7%) - 21583 velas
2026-09-05 22:43:06,270 - __main__ - INFO - 15m: Batch 219/29 (755.2%) - 21682 velas
2026-09-05 22:43:07,509 - __main__ - INFO - 15m: Batch 220/29 (758.6%) - 21781 velas
2026-09-05 22:43:08,821 - __main__ - INFO - 15m: Batch 221/29 (762.1%) - 21880 velas
2026-09-05 22:43:10,615 - __main__ - INFO - 15m: Batch 222/29 (765.5%) - 21979 velas
2026-09-05 22:43:11,975 - __main__ - INFO - 15m: Batch 223/29 (769.0%) - 22078 velas
2026-09-05 22:43:13,445 - __main__ - INFO - 15m: Batch 224/29 (772.4%) - 22177 velas
2026-09-05 22:43:33,661 - __main__ - ERROR - Error guardando batch: connection was closed in the middle of operation
2026-09-05 22:43:33,661 - __main__ - INFO - 15m: Batch 225/29 (775.9%) - 22177 velas
2026-09-05 22:43:37,101 - __main__ - INFO - 15m: Batch 226/29 (779.3%) - 22276 velas
2026-09-05 22:43:38,404 - __main__ - INFO - 15m: Batch 227/29 (782.8%) - 22375 velas
2026-09-05 22:43:39,852 - __main__ - INFO - 15m: Batch 228/29 (786.2%) - 22474 velas
2026-09-05 22:43:41,771 - __main__ - INFO - 15m: Batch 229/29 (789.7%) - 22573 velas
2026-09-05 22:43:43,052 - __main__ - INFO - 15m: Batch 230/29 (793.1%) - 22672 velas
2026-09-05 22:43:44,291 - __main__ - INFO - 15m: Batch 231/29 (796.6%) - 22771 velas
2026-09-05 22:43:45,571 - __main__ - INFO - 15m: Batch 232/29 (800.0%) - 22870 velas
2026-09-05 22:43:47,501 - __main__ - INFO - 15m: Batch 233/29 (803.4%) - 22969 velas
2026-09-05 22:43:48,701 - __main__ - INFO - 15m: Batch 234/29 (806.9%) - 23068 velas
2026-09-05 22:43:50,127 - __main__ - INFO - 15m: Batch 235/29 (810.3%) - 23167 velas
2026-09-05 22:43:51,452 - __main__ - INFO - 15m: Batch 236/29 (813.8%) - 23266 velas
2026-09-05 22:43:52,961 - __main__ - INFO - 15m: Batch 237/29 (817.2%) - 23365 velas
2026-09-05 22:43:54,151 - __main__ - INFO - 15m: Batch 238/29 (820.7%) - 23464 velas
2026-09-05 22:43:56,206 - __main__ - INFO - 15m: Batch 239/29 (824.1%) - 23563 velas
2026-09-05 22:43:57,486 - __main__ - INFO - 15m: Batch 240/29 (827.6%) - 23662 velas
2026-09-05 22:43:58,681 - __main__ - INFO - 15m: Batch 241/29 (831.0%) - 23761 velas
2026-09-05 22:43:59,842 - __main__ - INFO - 15m: Batch 242/29 (834.5%) - 23860 velas
2026-09-05 22:44:01,294 - __main__ - INFO - 15m: Batch 243/29 (837.9%) - 23959 velas
2026-09-05 22:44:02,526 - __main__ - INFO - 15m: Batch 244/29 (841.4%) - 24058 velas
2026-09-05 22:44:04,209 - __main__ - INFO - 15m: Batch 245/29 (844.8%) - 24157 velas
2026-09-05 22:44:05,486 - __main__ - INFO - 15m: Batch 246/29 (848.3%) - 24256 velas
2026-09-05 22:44:06,812 - __main__ - INFO - 15m: Batch 247/29 (851.7%) - 24355 velas
2026-09-05 22:44:08,131 - __main__ - INFO - 15m: Batch 248/29 (855.2%) - 24454 velas
2026-09-05 22:44:09,452 - __main__ - INFO - 15m: Batch 249/29 (858.6%) - 24553 velas
2026-09-05 22:44:10,686 - __main__ - INFO - 15m: Batch 250/29 (862.1%) - 24652 velas
2026-09-05 22:44:11,918 - __main__ - INFO - 15m: Batch 251/29 (865.5%) - 24751 velas
2026-09-05 22:44:13,412 - __main__ - INFO - 15m: Batch 252/29 (869.0%) - 24850 velas
2026-09-05 22:44:14,623 - __main__ - INFO - 15m: Batch 253/29 (872.4%) - 24949 velas
2026-09-05 22:44:15,851 - __main__ - INFO - 15m: Batch 254/29 (875.9%) - 25048 velas
2026-09-05 22:44:17,081 - __main__ - INFO - 15m: Batch 255/29 (879.3%) - 25147 velas
2026-09-05 22:44:18,530 - __main__ - INFO - 15m: Batch 256/29 (882.8%) - 25246 velas
2026-09-05 22:44:19,661 - __main__ - INFO - 15m: Batch 257/29 (886.2%) - 25345 velas
2026-09-05 22:44:20,901 - __main__ - INFO - 15m: Batch 258/29 (889.7%) - 25444 velas
2026-09-05 22:44:22,651 - __main__ - INFO - 15m: Batch 259/29 (893.1%) - 25543 velas
2026-09-05 22:44:23,982 - __main__ - INFO - 15m: Batch 260/29 (896.6%) - 25642 velas
2026-09-05 22:44:25,486 - __main__ - INFO - 15m: Batch 261/29 (900.0%) - 25741 velas
2026-09-05 22:44:27,011 - __main__ - INFO - 15m: Batch 262/29 (903.4%) - 25840 velas
2026-09-05 22:44:28,228 - __main__ - INFO - 15m: Batch 263/29 (906.9%) - 25939 velas
2026-09-05 22:44:29,654 - __main__ - INFO - 15m: Batch 264/29 (910.3%) - 26038 velas
2026-09-05 22:44:30,891 - __main__ - INFO - 15m: Batch 265/29 (913.8%) - 26137 velas
2026-09-05 22:44:33,132 - __main__ - INFO - 15m: Batch 266/29 (917.2%) - 26236 velas
2026-09-05 22:44:34,572 - __main__ - INFO - 15m: Batch 267/29 (920.7%) - 26335 velas
2026-09-05 22:44:35,806 - __main__ - INFO - 15m: Batch 268/29 (924.1%) - 26434 velas
2026-09-05 22:44:37,222 - __main__ - INFO - 15m: Batch 269/29 (927.6%) - 26533 velas
2026-09-05 22:44:38,373 - __main__ - INFO - 15m: Batch 270/29 (931.0%) - 26632 velas
2026-09-05 22:44:39,541 - __main__ - INFO - 15m: Batch 271/29 (934.5%) - 26731 velas
2026-09-05 22:44:41,132 - __main__ - INFO - 15m: Batch 272/29 (937.9%) - 26830 velas
2026-09-05 22:44:42,663 - __main__ - INFO - 15m: Batch 273/29 (941.4%) - 26929 velas
2026-09-05 22:44:44,124 - __main__ - INFO - 15m: Batch 274/29 (944.8%) - 27028 velas
2026-09-05 22:44:45,292 - __main__ - INFO - 15m: Batch 275/29 (948.3%) - 27127 velas
2026-09-05 22:44:46,766 - __main__ - INFO - 15m: Batch 276/29 (951.7%) - 27226 velas
2026-09-05 22:44:48,141 - __main__ - INFO - 15m: Batch 277/29 (955.2%) - 27325 velas
2026-09-05 22:44:49,371 - __main__ - INFO - 15m: Batch 278/29 (958.6%) - 27424 velas
2026-09-05 22:44:50,934 - __main__ - INFO - 15m: Batch 279/29 (962.1%) - 27523 velas
2026-09-05 22:44:52,151 - __main__ - INFO - 15m: Batch 280/29 (965.5%) - 27622 velas
2026-09-05 22:44:53,966 - __main__ - INFO - 15m: Batch 281/29 (969.0%) - 27721 velas
2026-09-05 22:44:55,179 - __main__ - INFO - 15m: Batch 282/29 (972.4%) - 27820 velas
2026-09-05 22:44:56,413 - __main__ - INFO - 15m: Batch 283/29 (975.9%) - 27919 velas
2026-09-05 22:44:57,930 - __main__ - INFO - 15m: Batch 284/29 (979.3%) - 28018 velas
2026-09-05 22:44:59,371 - __main__ - INFO - 15m: Batch 285/29 (982.8%) - 28117 velas
2026-09-05 22:45:00,781 - __main__ - INFO - 15m: Batch 286/29 (986.2%) - 28216 velas
2026-09-05 22:45:02,011 - __main__ - INFO - 15m: Batch 287/29 (989.7%) - 28315 velas
2026-09-05 22:45:03,311 - __main__ - INFO - 15m: Batch 288/29 (993.1%) - 28414 velas
2026-09-05 22:45:04,761 - __main__ - INFO - 15m: Batch 289/29 (996.6%) - 28513 velas
2026-09-05 22:45:06,339 - __main__ - INFO - 15m: Batch 290/29 (1000.0%) - 28612 velas
2026-09-05 22:45:08,258 - __main__ - INFO - 15m: Batch 291/29 (1003.4%) - 28711 velas
2026-09-05 22:45:09,451 - __main__ - INFO - 15m: Batch 292/29 (1006.9%) - 28810 velas
2026-09-05 22:45:10,890 - __main__ - INFO - 15m: Batch 293/29 (1010.3%) - 28909 velas
2026-09-05 22:45:12,041 - __main__ - INFO - 15m: Batch 294/29 (1013.8%) - 29008 velas
2026-09-05 22:45:13,241 - __main__ - INFO - 15m: Batch 295/29 (1017.2%) - 29107 velas
2026-09-05 22:45:14,570 - __main__ - INFO - 15m: Batch 296/29 (1020.7%) - 29206 velas
2026-09-05 22:45:15,730 - __main__ - INFO - 15m: Batch 297/29 (1024.1%) - 29305 velas
2026-09-05 22:45:17,251 - __main__ - INFO - 15m: Batch 298/29 (1027.6%) - 29404 velas
2026-09-05 22:45:18,957 - __main__ - INFO - 15m: Batch 299/29 (1031.0%) - 29503 velas
2026-09-05 22:45:20,930 - __main__ - INFO - 15m: Batch 300/29 (1034.5%) - 29602 velas
2026-09-05 22:45:22,125 - __main__ - INFO - 15m: Batch 301/29 (1037.9%) - 29701 velas
2026-09-05 22:45:23,810 - __main__ - INFO - 15m: Batch 302/29 (1041.4%) - 29800 velas
2026-09-05 22:45:25,391 - __main__ - INFO - 15m: Batch 303/29 (1044.8%) - 29899 velas
2026-09-05 22:45:26,611 - __main__ - INFO - 15m: Batch 304/29 (1048.3%) - 29998 velas
2026-09-05 22:45:27,822 - __main__ - INFO - 15m: Batch 305/29 (1051.7%) - 30097 velas
2026-09-05 22:45:29,291 - __main__ - INFO - 15m: Batch 306/29 (1055.2%) - 30196 velas
2026-09-05 22:45:30,570 - __main__ - INFO - 15m: Batch 307/29 (1058.6%) - 30295 velas
2026-09-05 22:45:31,891 - __main__ - INFO - 15m: Batch 308/29 (1062.1%) - 30394 velas
2026-09-05 22:45:33,064 - __main__ - INFO - 15m: Batch 309/29 (1065.5%) - 30493 velas
2026-09-05 22:45:35,078 - __main__ - INFO - 15m: Batch 310/29 (1069.0%) - 30592 velas
2026-09-05 22:45:36,280 - __main__ - INFO - 15m: Batch 311/29 (1072.4%) - 30691 velas
2026-09-05 22:45:37,653 - __main__ - INFO - 15m: Batch 312/29 (1075.9%) - 30790 velas
2026-09-05 22:45:38,831 - __main__ - INFO - 15m: Batch 313/29 (1079.3%) - 30889 velas
2026-09-05 22:45:40,570 - __main__ - INFO - 15m: Batch 314/29 (1082.8%) - 30988 velas
2026-09-05 22:45:41,875 - __main__ - INFO - 15m: Batch 315/29 (1086.2%) - 31087 velas
2026-09-05 22:45:43,514 - __main__ - INFO - 15m: Batch 316/29 (1089.7%) - 31186 velas
2026-09-05 22:45:44,766 - __main__ - INFO - 15m: Batch 317/29 (1093.1%) - 31285 velas
2026-09-05 22:45:45,968 - __main__ - INFO - 15m: Batch 318/29 (1096.6%) - 31384 velas
2026-09-05 22:45:47,690 - __main__ - INFO - 15m: Batch 319/29 (1100.0%) - 31483 velas
2026-09-05 22:45:49,131 - __main__ - INFO - 15m: Batch 320/29 (1103.4%) - 31582 velas
2026-09-05 22:45:50,330 - __main__ - INFO - 15m: Batch 321/29 (1106.9%) - 31681 velas
2026-09-05 22:45:51,530 - __main__ - INFO - 15m: Batch 322/29 (1110.3%) - 31780 velas
2026-09-05 22:45:52,700 - __main__ - INFO - 15m: Batch 323/29 (1113.8%) - 31879 velas
2026-09-05 22:45:53,850 - __main__ - INFO - 15m: Batch 324/29 (1117.2%) - 31978 velas
2026-09-05 22:45:55,091 - __main__ - INFO - 15m: Batch 325/29 (1120.7%) - 32077 velas
2026-09-05 22:45:56,440 - __main__ - INFO - 15m: Batch 326/29 (1124.1%) - 32176 velas
2026-09-05 22:45:57,780 - __main__ - INFO - 15m: Batch 327/29 (1127.6%) - 32275 velas
2026-09-05 22:45:59,165 - __main__ - INFO - 15m: Batch 328/29 (1131.0%) - 32374 velas
2026-09-05 22:46:00,641 - __main__ - INFO - 15m: Batch 329/29 (1134.5%) - 32473 velas
2026-09-05 22:46:01,850 - __main__ - INFO - 15m: Batch 330/29 (1137.9%) - 32572 velas
2026-09-05 22:46:03,044 - __main__ - INFO - 15m: Batch 331/29 (1141.4%) - 32671 velas
2026-09-05 22:46:04,783 - __main__ - INFO - 15m: Batch 332/29 (1144.8%) - 32770 velas
2026-09-05 22:46:06,481 - __main__ - INFO - 15m: Batch 333/29 (1148.3%) - 32869 velas
2026-09-05 22:46:07,781 - __main__ - INFO - 15m: Batch 334/29 (1151.7%) - 32968 velas
2026-09-05 22:46:09,384 - __main__ - INFO - 15m: Batch 335/29 (1155.2%) - 33067 velas
2026-09-05 22:46:11,282 - __main__ - INFO - 15m: Batch 336/29 (1158.6%) - 33166 velas
2026-09-05 22:46:13,305 - __main__ - INFO - 15m: Batch 337/29 (1162.1%) - 33265 velas
2026-09-05 22:46:14,700 - __main__ - INFO - 15m: Batch 338/29 (1165.5%) - 33364 velas
2026-09-05 22:46:16,891 - __main__ - INFO - 15m: Batch 339/29 (1169.0%) - 33463 velas
2026-09-05 22:46:18,285 - __main__ - INFO - 15m: Batch 340/29 (1172.4%) - 33562 velas
2026-09-05 22:46:19,451 - __main__ - INFO - 15m: Batch 341/29 (1175.9%) - 33661 velas
2026-09-05 22:46:20,975 - __main__ - INFO - 15m: Batch 342/29 (1179.3%) - 33760 velas
2026-09-05 22:46:22,853 - __main__ - INFO - 15m: Batch 343/29 (1182.8%) - 33859 velas
2026-09-05 22:46:24,070 - __main__ - INFO - 15m: Batch 344/29 (1186.2%) - 33958 velas
2026-09-05 22:46:25,420 - __main__ - INFO - 15m: Batch 345/29 (1189.7%) - 34057 velas
2026-09-05 22:46:26,613 - __main__ - INFO - 15m: Batch 346/29 (1193.1%) - 34156 velas
2026-09-05 22:46:27,850 - __main__ - INFO - 15m: Batch 347/29 (1196.6%) - 34255 velas
2026-09-05 22:46:29,085 - __main__ - INFO - 15m: Batch 348/29 (1200.0%) - 34354 velas
2026-09-05 22:46:31,220 - __main__ - INFO - 15m: Batch 349/29 (1203.4%) - 34453 velas
2026-09-05 22:46:33,965 - __main__ - INFO - 15m: Batch 350/29 (1206.9%) - 34552 velas
2026-09-05 22:46:35,120 - __main__ - INFO - 15m: Batch 351/29 (1210.3%) - 34651 velas
2026-09-05 22:46:36,330 - __main__ - INFO - 15m: Batch 352/29 (1213.8%) - 34750 velas
2026-09-05 22:46:37,551 - __main__ - INFO - 15m: Batch 353/29 (1217.2%) - 34849 velas
2026-09-05 22:46:39,000 - __main__ - INFO - 15m: Batch 354/29 (1220.7%) - 34948 velas
2026-09-05 22:46:40,258 - __main__ - INFO - 15m: Batch 355/29 (1224.1%) - 35047 velas
2026-09-05 22:46:41,560 - __main__ - INFO - 15m: Batch 356/29 (1227.6%) - 35146 velas
2026-09-05 22:46:42,890 - __main__ - INFO - 15m: Batch 357/29 (1231.0%) - 35245 velas
2026-09-05 22:46:44,120 - __main__ - INFO - 15m: Batch 358/29 (1234.5%) - 35344 velas
2026-09-05 22:46:45,458 - __main__ - INFO - 15m: Batch 359/29 (1237.9%) - 35443 velas
2026-09-05 22:46:46,680 - __main__ - INFO - 15m: Batch 360/29 (1241.4%) - 35542 velas
2026-09-05 22:46:48,171 - __main__ - INFO - 15m: Batch 361/29 (1244.8%) - 35641 velas
2026-09-05 22:46:49,380 - __main__ - INFO - 15m: Batch 362/29 (1248.3%) - 35740 velas
2026-09-05 22:46:51,850 - __main__ - INFO - 15m: Batch 363/29 (1251.7%) - 35839 velas
2026-09-05 22:46:53,260 - __main__ - INFO - 15m: Batch 364/29 (1255.2%) - 35938 velas
2026-09-05 22:46:54,685 - __main__ - INFO - 15m: Batch 365/29 (1258.6%) - 36037 velas
2026-09-05 22:46:56,125 - __main__ - INFO - 15m: Batch 366/29 (1262.1%) - 36136 velas
2026-09-05 22:46:57,564 - __main__ - INFO - 15m: Batch 367/29 (1265.5%) - 36235 velas
2026-09-05 22:46:58,829 - __main__ - INFO - 15m: Batch 368/29 (1269.0%) - 36334 velas
2026-09-05 22:47:00,045 - __main__ - INFO - 15m: Batch 369/29 (1272.4%) - 36433 velas
2026-09-05 22:47:01,405 - __main__ - INFO - 15m: Batch 370/29 (1275.9%) - 36532 velas
2026-09-05 22:47:02,730 - __main__ - INFO - 15m: Batch 371/29 (1279.3%) - 36631 velas
2026-09-05 22:47:04,490 - __main__ - INFO - 15m: Batch 372/29 (1282.8%) - 36730 velas
2026-09-05 22:47:05,930 - __main__ - INFO - 15m: Batch 373/29 (1286.2%) - 36829 velas
2026-09-05 22:47:07,130 - __main__ - INFO - 15m: Batch 374/29 (1289.7%) - 36928 velas
2026-09-05 22:47:09,449 - __main__ - INFO - 15m: Batch 375/29 (1293.1%) - 37027 velas
2026-09-05 22:47:10,846 - __main__ - INFO - 15m: Batch 376/29 (1296.6%) - 37126 velas
2026-09-05 22:47:12,619 - __main__ - INFO - 15m: Batch 377/29 (1300.0%) - 37225 velas
2026-09-05 22:47:13,760 - __main__ - INFO - 15m: Batch 378/29 (1303.4%) - 37324 velas
2026-09-05 22:47:14,911 - __main__ - INFO - 15m: Batch 379/29 (1306.9%) - 37423 velas
2026-09-05 22:47:16,205 - __main__ - INFO - 15m: Batch 380/29 (1310.3%) - 37522 velas
2026-09-05 22:47:17,580 - __main__ - INFO - 15m: Batch 381/29 (1313.8%) - 37621 velas
2026-09-05 22:47:19,139 - __main__ - INFO - 15m: Batch 382/29 (1317.2%) - 37720 velas
2026-09-05 22:47:20,271 - __main__ - INFO - 15m: Batch 383/29 (1320.7%) - 37819 velas
2026-09-05 22:47:21,880 - __main__ - INFO - 15m: Batch 384/29 (1324.1%) - 37918 velas
2026-09-05 22:47:23,084 - __main__ - INFO - 15m: Batch 385/29 (1327.6%) - 38017 velas
2026-09-05 22:47:24,444 - __main__ - INFO - 15m: Batch 386/29 (1331.0%) - 38116 velas
2026-09-05 22:47:25,609 - __main__ - INFO - 15m: Batch 387/29 (1334.5%) - 38215 velas
2026-09-05 22:47:26,899 - __main__ - INFO - 15m: Batch 388/29 (1337.9%) - 38314 velas
2026-09-05 22:47:28,247 - __main__ - INFO - 15m: Batch 389/29 (1341.4%) - 38413 velas
2026-09-05 22:47:29,401 - __main__ - INFO - 15m: Batch 390/29 (1344.8%) - 38512 velas
2026-09-05 22:47:30,583 - __main__ - INFO - 15m: Batch 391/29 (1348.3%) - 38611 velas
2026-09-05 22:47:31,943 - __main__ - INFO - 15m: Batch 392/29 (1351.7%) - 38710 velas
2026-09-05 22:47:33,294 - __main__ - INFO - 15m: Batch 393/29 (1355.2%) - 38809 velas
2026-09-05 22:47:34,592 - __main__ - INFO - 15m: Batch 394/29 (1358.6%) - 38908 velas
2026-09-05 22:47:34,119 - __main__ - INFO - 15m: Batch 395/29 (1362.1%) - 39007 velas
2026-09-05 22:47:35,307 - __main__ - INFO - 15m: Batch 396/29 (1365.5%) - 39106 velas
2026-09-05 22:47:36,501 - __main__ - INFO - 15m: Batch 397/29 (1369.0%) - 39205 velas
2026-09-05 22:47:37,679 - __main__ - INFO - 15m: Batch 398/29 (1372.4%) - 39304 velas
2026-09-05 22:47:38,815 - __main__ - INFO - 15m: Batch 399/29 (1375.9%) - 39403 velas
2026-09-05 22:47:40,010 - __main__ - INFO - 15m: Batch 400/29 (1379.3%) - 39502 velas
2026-09-05 22:47:41,539 - __main__ - INFO - 15m: Batch 401/29 (1382.8%) - 39601 velas
2026-09-05 22:47:42,890 - __main__ - INFO - 15m: Batch 402/29 (1386.2%) - 39700 velas
2026-09-05 22:47:44,068 - __main__ - INFO - 15m: Batch 403/29 (1389.7%) - 39799 velas
2026-09-05 22:47:45,495 - __main__ - INFO - 15m: Batch 404/29 (1393.1%) - 39898 velas
2026-09-05 22:47:46,906 - __main__ - INFO - 15m: Batch 405/29 (1396.6%) - 39997 velas
2026-09-05 22:47:48,085 - __main__ - INFO - 15m: Batch 406/29 (1400.0%) - 40096 velas
2026-09-05 22:47:50,018 - __main__ - INFO - 15m: Batch 407/29 (1403.4%) - 40195 velas
2026-09-05 22:47:51,314 - __main__ - INFO - 15m: Batch 408/29 (1406.9%) - 40294 velas
2026-09-05 22:47:53,055 - __main__ - INFO - 15m: Batch 409/29 (1410.3%) - 40393 velas
2026-09-05 22:47:54,490 - __main__ - INFO - 15m: Batch 410/29 (1413.8%) - 40492 velas
2026-09-05 22:47:55,690 - __main__ - INFO - 15m: Batch 411/29 (1417.2%) - 40591 velas
2026-09-05 22:47:56,954 - __main__ - INFO - 15m: Batch 412/29 (1420.7%) - 40690 velas
2026-09-05 22:47:58,135 - __main__ - INFO - 15m: Batch 413/29 (1424.1%) - 40789 velas
2026-09-05 22:47:59,265 - __main__ - INFO - 15m: Batch 414/29 (1427.6%) - 40888 velas
2026-09-05 22:48:00,570 - __main__ - INFO - 15m: Batch 415/29 (1431.0%) - 40987 velas
2026-09-05 22:48:01,885 - __main__ - INFO - 15m: Batch 416/29 (1434.5%) - 41086 velas
2026-09-05 22:48:03,695 - __main__ - INFO - 15m: Batch 417/29 (1437.9%) - 41185 velas
2026-09-05 22:48:04,935 - __main__ - INFO - 15m: Batch 418/29 (1441.4%) - 41284 velas
2026-09-05 22:48:06,178 - __main__ - INFO - 15m: Batch 419/29 (1444.8%) - 41383 velas
2026-09-05 22:48:07,575 - __main__ - INFO - 15m: Batch 420/29 (1448.3%) - 41482 velas
2026-09-05 22:48:08,738 - __main__ - INFO - 15m: Batch 421/29 (1451.7%) - 41581 velas
2026-09-05 22:48:11,209 - __main__ - INFO - 15m: Batch 422/29 (1455.2%) - 41680 velas
2026-09-05 22:48:12,498 - __main__ - INFO - 15m: Batch 423/29 (1458.6%) - 41779 velas
2026-09-05 22:48:14,174 - __main__ - INFO - 15m: Batch 424/29 (1462.1%) - 41878 velas
2026-09-05 22:48:15,574 - __main__ - INFO - 15m: Batch 425/29 (1465.5%) - 41977 velas
2026-09-05 22:48:16,811 - __main__ - INFO - 15m: Batch 426/29 (1469.0%) - 42076 velas
2026-09-05 22:48:18,578 - __main__ - INFO - 15m: Batch 427/29 (1472.4%) - 42175 velas
2026-09-05 22:48:19,795 - __main__ - INFO - 15m: Batch 428/29 (1475.9%) - 42274 velas
2026-09-05 22:48:21,014 - __main__ - INFO - 15m: Batch 429/29 (1479.3%) - 42373 velas
2026-09-05 22:48:22,156 - __main__ - INFO - 15m: Batch 430/29 (1482.8%) - 42472 velas
2026-09-05 22:48:23,449 - __main__ - INFO - 15m: Batch 431/29 (1486.2%) - 42571 velas
2026-09-05 22:48:24,694 - __main__ - INFO - 15m: Batch 432/29 (1489.7%) - 42670 velas
2026-09-05 22:48:25,982 - __main__ - INFO - 15m: Batch 433/29 (1493.1%) - 42769 velas
2026-09-05 22:48:27,155 - __main__ - INFO - 15m: Batch 434/29 (1496.6%) - 42868 velas
2026-09-05 22:48:28,374 - __main__ - INFO - 15m: Batch 435/29 (1500.0%) - 42967 velas
2026-09-05 22:48:29,604 - __main__ - INFO - 15m: Batch 436/29 (1503.4%) - 43066 velas
2026-09-05 22:48:30,854 - __main__ - INFO - 15m: Batch 437/29 (1506.9%) - 43165 velas
2026-09-05 22:48:32,034 - __main__ - INFO - 15m: Batch 438/29 (1510.3%) - 43264 velas
2026-09-05 22:48:33,174 - __main__ - INFO - 15m: Batch 439/29 (1513.8%) - 43363 velas
2026-09-05 22:48:34,410 - __main__ - INFO - 15m: Batch 440/29 (1517.2%) - 43462 velas
2026-09-05 22:48:35,814 - __main__ - INFO - 15m: Batch 441/29 (1520.7%) - 43561 velas
2026-09-05 22:48:37,227 - __main__ - INFO - 15m: Batch 442/29 (1524.1%) - 43660 velas
2026-09-05 22:48:38,417 - __main__ - INFO - 15m: Batch 443/29 (1527.6%) - 43759 velas
2026-09-05 22:48:39,834 - __main__ - INFO - 15m: Batch 444/29 (1531.0%) - 43858 velas
2026-09-05 22:48:41,209 - __main__ - INFO - 15m: Batch 445/29 (1534.5%) - 43957 velas
2026-09-05 22:48:42,384 - __main__ - INFO - 15m: Batch 446/29 (1537.9%) - 44056 velas
2026-09-05 22:48:43,594 - __main__ - INFO - 15m: Batch 447/29 (1541.4%) - 44155 velas
2026-09-05 22:48:44,954 - __main__ - INFO - 15m: Batch 448/29 (1544.8%) - 44254 velas
2026-09-05 22:48:46,581 - __main__ - INFO - 15m: Batch 449/29 (1548.3%) - 44353 velas
2026-09-05 22:48:47,815 - __main__ - INFO - 15m: Batch 450/29 (1551.7%) - 44452 velas
2026-09-05 22:48:49,174 - __main__ - INFO - 15m: Batch 451/29 (1555.2%) - 44551 velas
2026-09-05 22:48:50,934 - __main__ - INFO - 15m: Batch 452/29 (1558.6%) - 44650 velas
2026-09-05 22:48:52,330 - __main__ - INFO - 15m: Batch 453/29 (1562.1%) - 44749 velas
2026-09-05 22:48:53,454 - __main__ - INFO - 15m: Batch 454/29 (1565.5%) - 44848 velas
2026-09-05 22:48:54,734 - __main__ - INFO - 15m: Batch 455/29 (1569.0%) - 44947 velas
2026-09-05 22:48:56,125 - __main__ - INFO - 15m: Batch 456/29 (1572.4%) - 45046 velas
2026-09-05 22:48:57,796 - __main__ - INFO - 15m: Batch 457/29 (1575.9%) - 45145 velas
2026-09-05 22:48:59,130 - __main__ - INFO - 15m: Batch 458/29 (1579.3%) - 45244 velas
2026-09-05 22:49:00,313 - __main__ - INFO - 15m: Batch 459/29 (1582.8%) - 45343 velas
2026-09-05 22:49:02,295 - __main__ - INFO - 15m: Batch 460/29 (1586.2%) - 45442 velas
2026-09-05 22:49:03,457 - __main__ - INFO - 15m: Batch 461/29 (1589.7%) - 45541 velas
2026-09-05 22:49:05,850 - __main__ - INFO - 15m: Batch 462/29 (1593.1%) - 45640 velas
2026-09-05 22:49:07,615 - __main__ - INFO - 15m: Batch 463/29 (1596.6%) - 45739 velas
2026-09-05 22:49:10,317 - __main__ - INFO - 15m: Batch 464/29 (1600.0%) - 45838 velas
2026-09-05 22:49:11,564 - __main__ - INFO - 15m: Batch 465/29 (1603.4%) - 45937 velas
2026-09-05 22:49:12,735 - __main__ - INFO - 15m: Batch 466/29 (1606.9%) - 46036 velas
2026-09-05 22:49:14,106 - __main__ - INFO - 15m: Batch 467/29 (1610.3%) - 46135 velas
2026-09-05 22:49:16,883 - __main__ - INFO - 15m: Batch 468/29 (1613.8%) - 46234 velas
2026-09-05 22:49:18,045 - __main__ - INFO - 15m: Batch 469/29 (1617.2%) - 46333 velas
2026-09-05 22:49:19,449 - __main__ - INFO - 15m: Batch 470/29 (1620.7%) - 46432 velas
2026-09-05 22:49:20,729 - __main__ - INFO - 15m: Batch 471/29 (1624.1%) - 46531 velas
2026-09-05 22:49:22,170 - __main__ - INFO - 15m: Batch 472/29 (1627.6%) - 46630 velas
2026-09-05 22:49:23,391 - __main__ - INFO - 15m: Batch 473/29 (1631.0%) - 46729 velas
2026-09-05 22:49:24,685 - __main__ - INFO - 15m: Batch 474/29 (1634.5%) - 46828 velas
2026-09-05 22:49:26,106 - __main__ - INFO - 15m: Batch 475/29 (1637.9%) - 46927 velas
2026-09-05 22:49:27,525 - __main__ - INFO - 15m: Batch 476/29 (1641.4%) - 47026 velas
2026-09-05 22:49:28,855 - __main__ - INFO - 15m: Batch 477/29 (1644.8%) - 47125 velas
2026-09-05 22:49:30,105 - __main__ - INFO - 15m: Batch 478/29 (1648.3%) - 47224 velas
2026-09-05 22:49:31,345 - __main__ - INFO - 15m: Batch 479/29 (1651.7%) - 47323 velas
2026-09-05 22:49:33,306 - __main__ - INFO - 15m: Batch 480/29 (1655.2%) - 47422 velas
2026-09-05 22:49:35,014 - __main__ - INFO - 15m: Batch 481/29 (1658.6%) - 47521 velas
2026-09-05 22:49:36,410 - __main__ - INFO - 15m: Batch 482/29 (1662.1%) - 47620 velas
2026-09-05 22:49:37,965 - __main__ - INFO - 15m: Batch 483/29 (1665.5%) - 47719 velas
2026-09-05 22:49:39,130 - __main__ - INFO - 15m: Batch 484/29 (1669.0%) - 47818 velas
2026-09-05 22:49:40,794 - __main__ - INFO - 15m: Batch 485/29 (1672.4%) - 47917 velas
2026-09-05 22:49:43,155 - __main__ - INFO - 15m: Batch 486/29 (1675.9%) - 48016 velas
2026-09-05 22:49:44,324 - __main__ - INFO - 15m: Batch 487/29 (1679.3%) - 48115 velas
2026-09-05 22:49:45,494 - __main__ - INFO - 15m: Batch 488/29 (1682.8%) - 48214 velas
2026-09-05 22:49:47,385 - __main__ - INFO - 15m: Batch 489/29 (1686.2%) - 48313 velas
2026-09-05 22:49:48,578 - __main__ - INFO - 15m: Batch 490/29 (1689.7%) - 48412 velas
2026-09-05 22:49:49,905 - __main__ - INFO - 15m: Batch 491/29 (1693.1%) - 48511 velas
2026-09-05 22:49:51,460 - __main__ - INFO - 15m: Batch 492/29 (1696.6%) - 48610 velas
2026-09-05 22:49:52,702 - __main__ - INFO - 15m: Batch 493/29 (1700.0%) - 48709 velas
2026-09-05 22:49:54,375 - __main__ - INFO - 15m: Batch 494/29 (1703.4%) - 48808 velas
2026-09-05 22:49:55,529 - __main__ - INFO - 15m: Batch 495/29 (1706.9%) - 48907 velas
2026-09-05 22:49:57,103 - __main__ - INFO - 15m: Batch 496/29 (1710.3%) - 49006 velas
2026-09-05 22:49:58,542 - __main__ - INFO - 15m: Batch 497/29 (1713.8%) - 49105 velas
2026-09-05 22:49:59,894 - __main__ - INFO - 15m: Batch 498/29 (1717.2%) - 49204 velas
2026-09-05 22:50:01,484 - __main__ - INFO - 15m: Batch 499/29 (1720.7%) - 49303 velas
2026-09-05 22:50:02,732 - __main__ - INFO - 15m: Batch 500/29 (1724.1%) - 49402 velas
2026-09-05 22:50:04,024 - __main__ - INFO - 15m: Batch 501/29 (1727.6%) - 49501 velas
2026-09-05 22:50:05,238 - __main__ - INFO - 15m: Batch 502/29 (1731.0%) - 49600 velas
2026-09-05 22:50:06,649 - __main__ - INFO - 15m: Batch 503/29 (1734.5%) - 49699 velas
2026-09-05 22:50:07,894 - __main__ - INFO - 15m: Batch 504/29 (1737.9%) - 49798 velas
2026-09-05 22:50:09,595 - __main__ - INFO - 15m: Batch 505/29 (1741.4%) - 49897 velas
2026-09-05 22:50:10,859 - __main__ - INFO - 15m: Batch 506/29 (1744.8%) - 49996 velas
2026-09-05 22:50:12,549 - __main__ - INFO - 15m: Batch 507/29 (1748.3%) - 50095 velas
2026-09-05 22:50:14,548 - __main__ - INFO - 15m: Batch 508/29 (1751.7%) - 50194 velas
2026-09-05 22:50:15,908 - __main__ - INFO - 15m: Batch 509/29 (1755.2%) - 50293 velas
2026-09-05 22:50:17,148 - __main__ - INFO - 15m: Batch 510/29 (1758.6%) - 50392 velas
2026-09-05 22:50:18,786 - __main__ - INFO - 15m: Batch 511/29 (1762.1%) - 50491 velas
2026-09-05 22:50:20,598 - __main__ - INFO - 15m: Batch 512/29 (1765.5%) - 50590 velas
2026-09-05 22:50:21,943 - __main__ - INFO - 15m: Batch 513/29 (1769.0%) - 50689 velas
2026-09-05 22:50:23,225 - __main__ - INFO - 15m: Batch 514/29 (1772.4%) - 50788 velas
2026-09-05 22:50:24,489 - __main__ - INFO - 15m: Batch 515/29 (1775.9%) - 50887 velas
2026-09-05 22:50:25,788 - __main__ - INFO - 15m: Batch 516/29 (1779.3%) - 50986 velas
2026-09-05 22:50:27,578 - __main__ - INFO - 15m: Batch 517/29 (1782.8%) - 51085 velas
2026-09-05 22:50:29,138 - __main__ - INFO - 15m: Batch 518/29 (1786.2%) - 51184 velas
2026-09-05 22:50:30,454 - __main__ - INFO - 15m: Batch 519/29 (1789.7%) - 51283 velas
2026-09-05 22:50:32,008 - __main__ - INFO - 15m: Batch 520/29 (1793.1%) - 51382 velas
2026-09-05 22:50:33,174 - __main__ - INFO - 15m: Batch 521/29 (1796.6%) - 51481 velas
2026-09-05 22:50:34,375 - __main__ - INFO - 15m: Batch 522/29 (1800.0%) - 51580 velas
2026-09-05 22:50:35,938 - __main__ - INFO - 15m: Batch 523/29 (1803.4%) - 51679 velas
2026-09-05 22:50:37,824 - __main__ - INFO - 15m: Batch 524/29 (1806.9%) - 51778 velas
2026-09-05 22:50:39,209 - __main__ - INFO - 15m: Batch 525/29 (1810.3%) - 51877 velas
2026-09-05 22:50:40,614 - __main__ - INFO - 15m: Batch 526/29 (1813.8%) - 51976 velas
2026-09-05 22:50:42,134 - __main__ - INFO - 15m: Batch 527/29 (1817.2%) - 52075 velas
2026-09-05 22:50:43,284 - __main__ - INFO - 15m: Batch 528/29 (1820.7%) - 52174 velas
2026-09-05 22:50:44,484 - __main__ - INFO - 15m: Batch 529/29 (1824.1%) - 52273 velas
2026-09-05 22:50:45,945 - __main__ - INFO - 15m: Batch 530/29 (1827.6%) - 52372 velas
2026-09-05 22:50:47,175 - __main__ - INFO - 15m: Batch 531/29 (1831.0%) - 52471 velas
2026-09-05 22:50:49,134 - __main__ - INFO - 15m: Batch 532/29 (1834.5%) - 52570 velas
2026-09-05 22:50:51,275 - __main__ - INFO - 15m: Batch 533/29 (1837.9%) - 52669 velas
2026-09-05 22:50:52,444 - __main__ - INFO - 15m: Batch 534/29 (1841.4%) - 52768 velas
2026-09-05 22:50:54,259 - __main__ - INFO - 15m: Batch 535/29 (1844.8%) - 52867 velas
2026-09-05 22:50:55,449 - __main__ - INFO - 15m: Batch 536/29 (1848.3%) - 52966 velas
2026-09-05 22:50:56,856 - __main__ - INFO - 15m: Batch 537/29 (1851.7%) - 53065 velas
2026-09-05 22:50:58,089 - __main__ - INFO - 15m: Batch 538/29 (1855.2%) - 53164 velas
2026-09-05 22:51:00,014 - __main__ - INFO - 15m: Batch 539/29 (1858.6%) - 53263 velas
2026-09-05 22:51:01,204 - __main__ - INFO - 15m: Batch 540/29 (1862.1%) - 53362 velas
2026-09-05 22:51:02,934 - __main__ - INFO - 15m: Batch 541/29 (1865.5%) - 53461 velas
2026-09-05 22:51:04,169 - __main__ - INFO - 15m: Batch 542/29 (1869.0%) - 53560 velas
2026-09-05 22:51:05,369 - __main__ - INFO - 15m: Batch 543/29 (1872.4%) - 53659 velas
2026-09-05 22:51:06,577 - __main__ - INFO - 15m: Batch 544/29 (1875.9%) - 53758 velas
2026-09-05 22:51:08,089 - __main__ - INFO - 15m: Batch 545/29 (1879.3%) - 53857 velas
2026-09-05 22:51:09,384 - __main__ - INFO - 15m: Batch 546/29 (1882.8%) - 53956 velas
2026-09-05 22:51:11,143 - __main__ - INFO - 15m: Batch 547/29 (1886.2%) - 54055 velas
2026-09-05 22:51:12,329 - __main__ - INFO - 15m: Batch 548/29 (1889.7%) - 54154 velas
2026-09-05 22:51:13,515 - __main__ - INFO - 15m: Batch 549/29 (1893.1%) - 54253 velas
2026-09-05 22:51:15,129 - __main__ - INFO - 15m: Batch 550/29 (1896.6%) - 54352 velas
2026-09-05 22:51:16,374 - __main__ - INFO - 15m: Batch 551/29 (1900.0%) - 54451 velas
2026-09-05 22:51:17,534 - __main__ - INFO - 15m: Batch 552/29 (1903.4%) - 54550 velas
2026-09-05 22:51:18,795 - __main__ - INFO - 15m: Batch 553/29 (1906.9%) - 54649 velas
2026-09-05 22:51:19,974 - __main__ - INFO - 15m: Batch 554/29 (1910.3%) - 54748 velas
2026-09-05 22:51:21,173 - __main__ - INFO - 15m: Batch 555/29 (1913.8%) - 54847 velas
2026-09-05 22:51:23,271 - __main__ - INFO - 15m: Batch 556/29 (1917.2%) - 54946 velas
2026-09-05 22:51:24,484 - __main__ - INFO - 15m: Batch 557/29 (1920.7%) - 55045 velas
2026-09-05 22:51:25,850 - __main__ - INFO - 15m: Batch 558/29 (1924.1%) - 55144 velas
2026-09-05 22:51:27,937 - __main__ - INFO - 15m: Batch 559/29 (1927.6%) - 55243 velas
2026-09-05 22:51:30,484 - __main__ - INFO - 15m: Batch 560/29 (1931.0%) - 55342 velas
2026-09-05 22:51:31,849 - __main__ - INFO - 15m: Batch 561/29 (1934.5%) - 55441 velas
2026-09-05 22:51:33,046 - __main__ - INFO - 15m: Batch 562/29 (1937.9%) - 55540 velas
2026-09-05 22:51:34,268 - __main__ - INFO - 15m: Batch 563/29 (1941.4%) - 55639 velas
2026-09-05 22:51:35,486 - __main__ - INFO - 15m: Batch 564/29 (1944.8%) - 55738 velas
2026-09-05 22:51:36,716 - __main__ - INFO - 15m: Batch 565/29 (1948.3%) - 55837 velas
2026-09-05 22:51:38,047 - __main__ - INFO - 15m: Batch 566/29 (1951.7%) - 55936 velas
2026-09-05 22:51:39,647 - __main__ - INFO - 15m: Batch 567/29 (1955.2%) - 56035 velas
2026-09-05 22:51:40,797 - __main__ - INFO - 15m: Batch 568/29 (1958.6%) - 56134 velas
2026-09-05 22:51:42,546 - __main__ - INFO - Interrumpido por usuario
2026-09-05 23:03:05,330 - INFO - Conexi贸n a Supabase establecida
2026-09-05 23:03:05,331 - INFO - ============================================================
2026-09-05 23:03:05,333 - INFO - DESCARGANDO 30 DIAS DE VELAS 15m
2026-09-05 23:03:05,334 - INFO - ============================================================
2026-09-05 23:03:05,335 - INFO - Descargando batch 1/33 ...
2026-09-05 23:03:05,744 - WARNING - No se recibieron datos, deteniendo descarga
2026-09-05 23:03:05,747 - INFO - Descarga completada: 0 velas en 1 batches
2026-09-05 23:03:05,904 - INFO - Conexi贸n a Supabase cerrada
2026-09-05 23:04:39,131 - INFO - Conexi贸n a Supabase establecida
2026-09-05 23:04:39,132 - INFO - ============================================================
2026-09-05 23:04:39,136 - INFO - DESCARGANDO 30 DIAS DE VELAS 15m
2026-09-05 23:04:39,138 - INFO - ============================================================
2026-09-05 23:04:39,141 - INFO - Descargando batch 1/35 (after=2026-08-07 04:04) ...
2026-09-05 23:04:40,563 - INFO -   Guardadas 100 velas. Rango: 2026-08-06 03:15 -> 2026-08-07 04:04 (orden descendente)
2026-09-05 23:04:40,563 - WARNING - El cursor no avanz贸, deteniendo
2026-09-05 23:04:40,568 - INFO - Descarga completada: 100 velas en 1 batches
2026-09-05 23:04:40,717 - INFO - Conexi贸n a Supabase cerrada
2026-09-05 23:06:23,279 - INFO - Conexi贸n a Supabase establecida
2026-09-05 23:06:23,280 - INFO - ============================================================
2026-09-05 23:06:23,284 - INFO - DESCARGANDO 30 DIAS DE VELAS 15m
2026-09-05 23:06:23,286 - INFO - ============================================================
2026-09-05 23:06:23,289 - INFO - Descargando batch 1/2885 (after=2026-08-07 04:06) ...
2026-09-05 23:06:24,598 - INFO -   Guardadas 100 velas. Rango: 2026-08-07 04:00 -> 2026-08-06 03:15 (desc)
2026-09-05 23:06:24,599 - WARNING - El cursor no avanz贸, deteniendo
2026-09-05 23:06:24,607 - INFO - Descarga completada: 100 velas en 1 batches
2026-09-05 23:06:24,749 - INFO - Conexi贸n a Supabase cerrada
2026-09-05 23:09:57,130 - INFO - Conexi贸n a Supabase establecida
2026-09-05 23:09:57,132 - INFO - ============================================================
2026-09-05 23:09:57,136 - INFO - DESCARGANDO 30 DIAS DE VELAS 15m
2026-09-05 23:09:57,138 - INFO - ============================================================
2026-09-05 23:09:57,141 - INFO - Descargando batch 1/33 (after=2026-09-06 04:09) ...
2026-09-05 23:09:58,470 - INFO -   Guardadas 100 velas. Rango: 2026-09-06 04:00 -> 2026-09-05 03:15 (desc)
2026-09-05 23:09:58,783 - INFO - Descargando batch 2/33 (after=2026-09-05 03:14) ...
2026-09-05 23:09:59,730 - INFO -   Guardadas 100 velas. Rango: 2026-09-05 03:00 -> 2026-09-04 02:15 (desc)
2026-09-05 23:10:00,042 - INFO - Descargando batch 3/33 (after=2026-09-04 02:14) ...
2026-09-05 23:10:01,607 - INFO -   Guardadas 100 velas. Rango: 2026-09-04 02:00 -> 2026-09-03 01:15 (desc)
2026-09-05 23:10:01,920 - INFO - Descargando batch 4/33 (after=2026-09-03 01:14) ...
2026-09-05 23:10:02,879 - INFO -   Guardadas 100 velas. Rango: 2026-09-03 01:00 -> 2026-09-02 00:15 (desc)
2026-09-05 23:10:03,185 - INFO - Descargando batch 5/33 (after=2026-09-02 00:14) ...
2026-09-05 23:10:04,150 - INFO -   Guardadas 100 velas. Rango: 2026-09-02 00:00 -> 2026-08-31 23:15 (desc)
2026-09-05 23:10:04,462 - INFO - Descargando batch 6/33 (after=2026-08-31 23:14) ...
2026-09-05 23:10:05,660 - INFO -   Guardadas 100 velas. Rango: 2026-08-31 23:00 -> 2026-08-30 22:15 (desc)
2026-09-05 23:10:05,961 - INFO - Descargando batch 7/33 (after=2026-08-30 22:14) ...
2026-09-05 23:10:06,880 - INFO -   Guardadas 100 velas. Rango: 2026-08-30 22:00 -> 2026-08-29 21:15 (desc)
2026-09-05 23:10:07,184 - INFO - Descargando batch 8/33 (after=2026-08-29 21:14) ...
2026-09-05 23:10:08,151 - INFO -   Guardadas 100 velas. Rango: 2026-08-29 21:00 -> 2026-08-28 20:15 (desc)
2026-09-05 23:10:08,458 - INFO - Descargando batch 9/33 (after=2026-08-28 20:14) ...
2026-09-05 23:10:09,528 - INFO -   Guardadas 100 velas. Rango: 2026-08-28 20:00 -> 2026-08-27 19:15 (desc)
2026-09-05 23:10:09,835 - INFO - Descargando batch 10/33 (after=2026-08-27 19:14) ...
2026-09-05 23:10:10,791 - INFO -   Guardadas 100 velas. Rango: 2026-08-27 19:00 -> 2026-08-26 18:15 (desc)
2026-09-05 23:10:11,102 - INFO - Descargando batch 11/33 (after=2026-08-26 18:14) ...
2026-09-05 23:10:12,080 - INFO -   Guardadas 100 velas. Rango: 2026-08-26 18:00 -> 2026-08-25 17:15 (desc)
2026-09-05 23:10:12,390 - INFO - Descargando batch 12/33 (after=2026-08-25 17:14) ...
2026-09-05 23:10:13,309 - INFO -   Guardadas 100 velas. Rango: 2026-08-25 17:00 -> 2026-08-24 16:15 (desc)
2026-09-05 23:10:13,614 - INFO - Descargando batch 13/33 (after=2026-08-24 16:14) ...
2026-09-05 23:10:14,540 - INFO -   Guardadas 100 velas. Rango: 2026-08-24 16:00 -> 2026-08-23 15:15 (desc)
2026-09-05 23:10:14,841 - INFO - Descargando batch 14/33 (after=2026-08-23 15:14) ...
2026-09-05 23:10:15,899 - INFO -   Guardadas 100 velas. Rango: 2026-08-23 15:00 -> 2026-08-22 14:15 (desc)
2026-09-05 23:10:16,215 - INFO - Descargando batch 15/33 (after=2026-08-22 14:14) ...
2026-09-05 23:10:17,199 - INFO -   Guardadas 100 velas. Rango: 2026-08-22 14:00 -> 2026-08-21 13:15 (desc)
2026-09-05 23:10:17,514 - INFO - Descargando batch 16/33 (after=2026-08-21 13:14) ...
2026-09-05 23:10:18,470 - INFO -   Guardadas 100 velas. Rango: 2026-08-21 13:00 -> 2026-08-20 12:15 (desc)
2026-09-05 23:10:18,787 - INFO - Descargando batch 17/33 (after=2026-08-20 12:14) ...
2026-09-05 23:10:19,682 - INFO -   Guardadas 100 velas. Rango: 2026-08-20 12:00 -> 2026-08-19 11:15 (desc)
2026-09-05 23:10:19,986 - INFO - Descargando batch 18/33 (after=2026-08-19 11:14) ...
2026-09-05 23:10:20,959 - INFO -   Guardadas 100 velas. Rango: 2026-08-19 11:00 -> 2026-08-18 10:15 (desc)
2026-09-05 23:10:21,274 - INFO - Descargando batch 19/33 (after=2026-08-18 10:14) ...
2026-09-05 23:10:22,249 - INFO -   Guardadas 100 velas. Rango: 2026-08-18 10:00 -> 2026-08-17 09:15 (desc)
2026-09-05 23:10:22,561 - INFO - Descargando batch 20/33 (after=2026-08-17 09:14) ...
2026-09-05 23:10:23,510 - INFO -   Guardadas 100 velas. Rango: 2026-08-17 09:00 -> 2026-08-16 08:15 (desc)
2026-09-05 23:10:23,825 - INFO - Descargando batch 21/33 (after=2026-08-16 08:14) ...
2026-09-05 23:10:24,780 - INFO -   Guardadas 100 velas. Rango: 2026-08-16 08:00 -> 2026-08-15 07:15 (desc)
2026-09-05 23:10:25,081 - INFO - Descargando batch 22/33 (after=2026-08-15 07:14) ...
2026-09-05 23:10:26,139 - INFO -   Guardadas 100 velas. Rango: 2026-08-15 07:00 -> 2026-08-14 06:15 (desc)
2026-09-05 23:10:26,447 - INFO - Descargando batch 23/33 (after=2026-08-14 06:14) ...
2026-09-05 23:10:27,520 - INFO -   Guardadas 100 velas. Rango: 2026-08-14 06:00 -> 2026-08-13 05:15 (desc)
2026-09-05 23:10:27,821 - INFO - Descargando batch 24/33 (after=2026-08-13 05:14) ...
2026-09-05 23:10:28,780 - INFO -   Guardadas 100 velas. Rango: 2026-08-13 05:00 -> 2026-08-12 04:15 (desc)
2026-09-05 23:10:29,085 - INFO - Descargando batch 25/33 (after=2026-08-12 04:14) ...
2026-09-05 23:10:30,069 - INFO -   Guardadas 100 velas. Rango: 2026-08-12 04:00 -> 2026-08-11 03:15 (desc)
2026-09-05 23:10:30,378 - INFO - Descargando batch 26/33 (after=2026-08-11 03:14) ...
2026-09-05 23:10:31,420 - INFO -   Guardadas 100 velas. Rango: 2026-08-11 03:00 -> 2026-08-10 02:15 (desc)
2026-09-05 23:10:31,725 - INFO - Descargando batch 27/33 (after=2026-08-10 02:14) ...
2026-09-05 23:10:32,640 - INFO -   Guardadas 100 velas. Rango: 2026-08-10 02:00 -> 2026-08-09 01:15 (desc)
2026-09-05 23:10:32,943 - INFO - Descargando batch 28/33 (after=2026-08-09 01:14) ...
2026-09-05 23:10:33,921 - INFO -   Guardadas 100 velas. Rango: 2026-08-09 01:00 -> 2026-08-08 00:15 (desc)
2026-09-05 23:10:34,222 - INFO - Descargando batch 29/33 (after=2026-08-08 00:14) ...
2026-09-05 23:10:35,239 - INFO -   Guardadas 100 velas. Rango: 2026-08-08 00:00 -> 2026-08-06 23:15 (desc)
2026-09-05 23:10:35,240 - INFO - Se alcanz贸 el inicio del periodo deseado
2026-09-05 23:10:35,243 - INFO - Descarga completada para 15m: 2900 velas en 29 batches
2026-09-05 23:10:36,253 - INFO - ============================================================
2026-09-05 23:10:36,253 - INFO - DESCARGANDO 30 DIAS DE VELAS 1H
2026-09-05 23:10:36,255 - INFO - ============================================================
2026-09-05 23:10:36,256 - INFO - Descargando batch 1/12 (after=2026-09-06 04:10) ...
2026-09-05 23:10:38,257 - INFO -   Guardadas 100 velas. Rango: 2026-09-06 04:00 -> 2026-09-02 01:00 (desc)
2026-09-05 23:10:38,559 - INFO - Descargando batch 2/12 (after=2026-09-02 00:59) ...
2026-09-05 23:10:39,500 - INFO -   Guardadas 100 velas. Rango: 2026-09-02 00:00 -> 2026-08-28 21:00 (desc)
2026-09-05 23:10:39,815 - INFO - Descargando batch 3/12 (after=2026-08-28 20:59) ...
2026-09-05 23:10:40,763 - INFO -   Guardadas 100 velas. Rango: 2026-08-28 20:00 -> 2026-08-24 17:00 (desc)
2026-09-05 23:10:41,069 - INFO - Descargando batch 4/12 (after=2026-08-24 16:59) ...
2026-09-05 23:10:42,055 - INFO -   Guardadas 100 velas. Rango: 2026-08-24 16:00 -> 2026-08-20 13:00 (desc)
2026-09-05 23:10:42,369 - INFO - Descargando batch 5/12 (after=2026-08-20 12:59) ...
2026-09-05 23:10:43,303 - INFO -   Guardadas 100 velas. Rango: 2026-08-20 12:00 -> 2026-08-16 09:00 (desc)
2026-09-05 23:10:43,616 - INFO - Descargando batch 6/12 (after=2026-08-16 08:59) ...
2026-09-05 23:10:44,543 - INFO -   Guardadas 100 velas. Rango: 2026-08-16 08:00 -> 2026-08-12 05:00 (desc)
2026-09-05 23:10:44,850 - INFO - Descargando batch 7/12 (after=2026-08-12 04:59) ...
2026-09-05 23:10:46,012 - INFO -   Guardadas 100 velas. Rango: 2026-08-12 04:00 -> 2026-08-08 01:00 (desc)
2026-09-05 23:10:46,326 - INFO - Descargando batch 8/12 (after=2026-08-08 00:59) ...
2026-09-05 23:10:47,253 - INFO -   Guardadas 100 velas. Rango: 2026-08-08 00:00 -> 2026-08-03 21:00 (desc)
2026-09-05 23:10:47,254 - INFO - Se alcanz贸 el inicio del periodo deseado
2026-09-05 23:10:47,260 - INFO - Descarga completada para 1H: 800 velas en 8 batches
2026-09-05 23:10:48,271 - INFO - ============================================================
2026-09-05 23:10:48,272 - INFO - DESCARGANDO 30 DIAS DE VELAS 4H
2026-09-05 23:10:48,278 - INFO - ============================================================
2026-09-05 23:10:48,280 - INFO - Descargando batch 1/6 (after=2026-09-06 04:10) ...
2026-09-05 23:10:49,269 - INFO -   Guardadas 100 velas. Rango: 2026-09-06 04:00 -> 2026-08-20 16:00 (desc)
2026-09-05 23:10:49,579 - INFO - Descargando batch 2/6 (after=2026-08-20 15:59) ...
2026-09-05 23:10:50,573 - INFO -   Guardadas 100 velas. Rango: 2026-08-20 12:00 -> 2026-08-04 00:00 (desc)
2026-09-05 23:10:50,574 - INFO - Se alcanz贸 el inicio del periodo deseado
2026-09-05 23:10:50,583 - INFO - Descarga completada para 4H: 200 velas en 2 batches
2026-09-05 23:10:51,764 - INFO - Conexi贸n a Supabase cerrada
2026-09-05 23:31:45,842 - INFO - Conexi贸n a Supabase establecida
2026-09-05 23:31:45,848 - INFO - ============================================================
2026-09-05 23:31:45,850 - INFO - DESCARGANDO 30 DIAS DE VELAS 15m
2026-09-05 23:31:45,851 - INFO - ============================================================
2026-09-05 23:31:45,852 - INFO - Descargando batch 1/33 (after=2026-09-06 04:31) ...
2026-09-05 23:31:47,584 - INFO -   Guardadas 100 velas. Rango: 2026-09-06 04:30 -> 2026-09-05 03:45 (desc)
2026-09-05 23:31:47,886 - INFO - Descargando batch 2/33 (after=2026-09-05 03:44) ...
2026-09-05 23:31:48,871 - INFO -   Guardadas 100 velas. Rango: 2026-09-05 03:30 -> 2026-09-04 02:45 (desc)
2026-09-05 23:31:49,183 - INFO - Descargando batch 3/33 (after=2026-09-04 02:44) ...
2026-09-05 23:31:50,134 - INFO -   Guardadas 100 velas. Rango: 2026-09-04 02:30 -> 2026-09-03 01:45 (desc)
2026-09-05 23:31:50,444 - INFO - Descargando batch 4/33 (after=2026-09-03 01:44) ...
2026-09-05 23:31:51,563 - INFO -   Guardadas 100 velas. Rango: 2026-09-03 01:30 -> 2026-09-02 00:45 (desc)
2026-09-05 23:31:51,869 - INFO - Descargando batch 5/33 (after=2026-09-02 00:44) ...
2026-09-05 23:31:52,852 - INFO -   Guardadas 100 velas. Rango: 2026-09-02 00:30 -> 2026-08-31 23:45 (desc)
2026-09-05 23:31:53,153 - INFO - Descargando batch 6/33 (after=2026-08-31 23:44) ...
2026-09-05 23:31:54,062 - INFO -   Guardadas 100 velas. Rango: 2026-08-31 23:30 -> 2026-08-30 22:45 (desc)
2026-09-05 23:31:54,376 - INFO - Descargando batch 7/33 (after=2026-08-30 22:44) ...
2026-09-05 23:31:55,433 - INFO -   Guardadas 100 velas. Rango: 2026-08-30 22:30 -> 2026-08-29 21:45 (desc)
2026-09-05 23:31:55,745 - INFO - Descargando batch 8/33 (after=2026-08-29 21:44) ...
2026-09-05 23:31:56,709 - INFO -   Guardadas 100 velas. Rango: 2026-08-29 21:30 -> 2026-08-28 20:45 (desc)
2026-09-05 23:31:57,017 - INFO - Descargando batch 9/33 (after=2026-08-28 20:44) ...
2026-09-05 23:31:57,914 - INFO -   Guardadas 100 velas. Rango: 2026-08-28 20:30 -> 2026-08-27 19:45 (desc)
2026-09-05 23:31:58,222 - INFO - Descargando batch 10/33 (after=2026-08-27 19:44) ...
2026-09-05 23:31:59,264 - INFO -   Guardadas 100 velas. Rango: 2026-08-27 19:30 -> 2026-08-26 18:45 (desc)
2026-09-05 23:31:59,578 - INFO - Descargando batch 11/33 (after=2026-08-26 18:44) ...
2026-09-05 23:32:00,524 - INFO -   Guardadas 100 velas. Rango: 2026-08-26 18:30 -> 2026-08-25 17:45 (desc)
2026-09-05 23:32:00,827 - INFO - Descargando batch 12/33 (after=2026-08-25 17:44) ...
2026-09-05 23:32:01,809 - INFO -   Guardadas 100 velas. Rango: 2026-08-25 17:30 -> 2026-08-24 16:45 (desc)
2026-09-05 23:32:02,120 - INFO - Descargando batch 13/33 (after=2026-08-24 16:44) ...
2026-09-05 23:32:03,098 - INFO -   Guardadas 100 velas. Rango: 2026-08-24 16:30 -> 2026-08-23 15:45 (desc)
2026-09-05 23:32:03,399 - INFO - Descargando batch 14/33 (after=2026-08-23 15:44) ...
2026-09-05 23:32:04,473 - INFO -   Guardadas 100 velas. Rango: 2026-08-23 15:30 -> 2026-08-22 14:45 (desc)
2026-09-05 23:32:04,781 - INFO - Descargando batch 15/33 (after=2026-08-22 14:44) ...
2026-09-05 23:32:05,963 - INFO -   Guardadas 100 velas. Rango: 2026-08-22 14:30 -> 2026-08-21 13:45 (desc)
2026-09-05 23:32:06,276 - INFO - Descargando batch 16/33 (after=2026-08-21 13:44) ...
2026-09-05 23:32:07,262 - INFO -   Guardadas 100 velas. Rango: 2026-08-21 13:30 -> 2026-08-20 12:45 (desc)
2026-09-05 23:32:07,572 - INFO - Descargando batch 17/33 (after=2026-08-20 12:44) ...
2026-09-05 23:32:08,632 - INFO -   Guardadas 100 velas. Rango: 2026-08-20 12:30 -> 2026-08-19 11:45 (desc)
2026-09-05 23:32:08,946 - INFO - Descargando batch 18/33 (after=2026-08-19 11:44) ...
2026-09-05 23:32:10,165 - INFO -   Guardadas 100 velas. Rango: 2026-08-19 11:30 -> 2026-08-18 10:45 (desc)
2026-09-05 23:32:10,480 - INFO - Descargando batch 19/33 (after=2026-08-18 10:44) ...
2026-09-05 23:32:11,510 - INFO -   Guardadas 100 velas. Rango: 2026-08-18 10:30 -> 2026-08-17 09:45 (desc)
2026-09-05 23:32:11,824 - INFO - Descargando batch 20/33 (after=2026-08-17 09:44) ...
2026-09-05 23:32:12,785 - INFO -   Guardadas 100 velas. Rango: 2026-08-17 09:30 -> 2026-08-16 08:45 (desc)
2026-09-05 23:32:13,091 - INFO - Descargando batch 21/33 (after=2026-08-16 08:44) ...
2026-09-05 23:32:14,055 - INFO -   Guardadas 100 velas. Rango: 2026-08-16 08:30 -> 2026-08-15 07:45 (desc)
2026-09-05 23:32:14,371 - INFO - Descargando batch 22/33 (after=2026-08-15 07:44) ...
2026-09-05 23:32:15,733 - INFO -   Guardadas 100 velas. Rango: 2026-08-15 07:30 -> 2026-08-14 06:45 (desc)
2026-09-05 23:32:16,043 - INFO - Descargando batch 23/33 (after=2026-08-14 06:44) ...
2026-09-05 23:32:16,983 - INFO -   Guardadas 100 velas. Rango: 2026-08-14 06:30 -> 2026-08-13 05:45 (desc)
2026-09-05 23:32:17,293 - INFO - Descargando batch 24/33 (after=2026-08-13 05:44) ...
2026-09-05 23:32:18,470 - INFO -   Guardadas 100 velas. Rango: 2026-08-13 05:30 -> 2026-08-12 04:45 (desc)
2026-09-05 23:32:18,773 - INFO - Descargando batch 25/33 (after=2026-08-12 04:44) ...
2026-09-05 23:32:19,756 - INFO -   Guardadas 100 velas. Rango: 2026-08-12 04:30 -> 2026-08-11 03:45 (desc)
2026-09-05 23:32:20,069 - INFO - Descargando batch 26/33 (after=2026-08-11 03:44) ...
2026-09-05 23:32:21,046 - INFO -   Guardadas 100 velas. Rango: 2026-08-11 03:30 -> 2026-08-10 02:45 (desc)
2026-09-05 23:32:21,362 - INFO - Descargando batch 27/33 (after=2026-08-10 02:44) ...
2026-09-05 23:32:22,314 - INFO -   Guardadas 100 velas. Rango: 2026-08-10 02:30 -> 2026-08-09 01:45 (desc)
2026-09-05 23:32:22,630 - INFO - Descargando batch 28/33 (after=2026-08-09 01:44) ...
2026-09-05 23:32:23,662 - INFO -   Guardadas 100 velas. Rango: 2026-08-09 01:30 -> 2026-08-08 00:45 (desc)
2026-09-05 23:32:23,973 - INFO - Descargando batch 29/33 (after=2026-08-08 00:44) ...
2026-09-05 23:32:25,023 - INFO -   Guardadas 100 velas. Rango: 2026-08-08 00:30 -> 2026-08-06 23:45 (desc)
2026-09-05 23:32:25,023 - INFO - Se alcanz贸 el inicio del periodo deseado
2026-09-05 23:32:25,028 - INFO - Descarga completada para 15m: 2900 velas en 29 batches
2026-09-05 23:32:26,036 - INFO - ============================================================
2026-09-05 23:32:26,037 - INFO - DESCARGANDO 30 DIAS DE VELAS 1H
2026-09-05 23:32:26,043 - INFO - ============================================================
2026-09-05 23:32:26,046 - INFO - Descargando batch 1/12 (after=2026-09-06 04:32) ...
2026-09-05 23:32:27,023 - INFO -   Guardadas 100 velas. Rango: 2026-09-06 04:00 -> 2026-09-02 01:00 (desc)
2026-09-05 23:32:27,334 - INFO - Descargando batch 2/12 (after=2026-09-02 00:59) ...
2026-09-05 23:32:28,321 - INFO -   Guardadas 100 velas. Rango: 2026-09-02 00:00 -> 2026-08-28 21:00 (desc)
2026-09-05 23:32:28,636 - INFO - Descargando batch 3/12 (after=2026-08-28 20:59) ...
2026-09-05 23:32:29,593 - INFO -   Guardadas 100 velas. Rango: 2026-08-28 20:00 -> 2026-08-24 17:00 (desc)
2026-09-05 23:32:29,895 - INFO - Descargando batch 4/12 (after=2026-08-24 16:59) ...
2026-09-05 23:32:30,903 - INFO -   Guardadas 100 velas. Rango: 2026-08-24 16:00 -> 2026-08-20 13:00 (desc)
2026-09-05 23:32:31,215 - INFO - Descargando batch 5/12 (after=2026-08-20 12:59) ...
2026-09-05 23:32:32,165 - INFO -   Guardadas 100 velas. Rango: 2026-08-20 12:00 -> 2026-08-16 09:00 (desc)
2026-09-05 23:32:32,482 - INFO - Descargando batch 6/12 (after=2026-08-16 08:59) ...
2026-09-05 23:32:33,500 - INFO -   Guardadas 100 velas. Rango: 2026-08-16 08:00 -> 2026-08-12 05:00 (desc)
2026-09-05 23:32:33,805 - INFO - Descargando batch 7/12 (after=2026-08-12 04:59) ...
2026-09-05 23:32:34,869 - INFO -   Guardadas 100 velas. Rango: 2026-08-12 04:00 -> 2026-08-08 01:00 (desc)
2026-09-05 23:32:35,181 - INFO - Descargando batch 8/12 (after=2026-08-08 00:59) ...
2026-09-05 23:32:36,133 - INFO -   Guardadas 100 velas. Rango: 2026-08-08 00:00 -> 2026-08-03 21:00 (desc)
2026-09-05 23:32:36,134 - INFO - Se alcanz贸 el inicio del periodo deseado
2026-09-05 23:32:36,138 - INFO - Descarga completada para 1H: 800 velas en 8 batches
2026-09-05 23:32:37,151 - INFO - ============================================================
2026-09-05 23:32:37,152 - INFO - DESCARGANDO 30 DIAS DE VELAS 4H
2026-09-05 23:32:37,156 - INFO - ============================================================
2026-09-05 23:32:37,158 - INFO - Descargando batch 1/6 (after=2026-09-06 04:32) ...
2026-09-05 23:32:38,302 - INFO -   Guardadas 100 velas. Rango: 2026-09-06 04:00 -> 2026-08-20 16:00 (desc)
2026-09-05 23:32:38,607 - INFO - Descargando batch 2/6 (after=2026-08-20 15:59) ...
2026-09-05 23:32:39,514 - INFO -   Guardadas 100 velas. Rango: 2026-08-20 12:00 -> 2026-08-04 00:00 (desc)
2026-09-05 23:32:39,515 - INFO - Se alcanz贸 el inicio del periodo deseado
2026-09-05 23:32:39,522 - INFO - Descarga completada para 4H: 200 velas en 2 batches
2026-09-05 23:32:40,791 - INFO - Conexi贸n a Supabase cerrada
2026-09-06 14:20:54,195 - INFO - Conexi贸n a Supabase establecida
2026-09-06 14:20:54,201 - INFO - ============================================================
2026-09-06 14:20:54,204 - INFO - DESCARGANDO 90 DIAS DE VELAS 15m
2026-09-06 14:20:54,205 - INFO - ============================================================
2026-09-06 14:20:54,206 - INFO - Descargando batch 1/91 (after=2026-09-06 19:20) ...
2026-09-06 14:20:55,544 - INFO -   Guardadas 100 velas. Rango: 2026-09-06 19:15 -> 2026-09-05 18:30 (desc)
2026-09-06 14:20:55,858 - INFO - Descargando batch 2/91 (after=2026-09-05 18:29) ...
2026-09-06 14:20:56,751 - INFO -   Guardadas 100 velas. Rango: 2026-09-05 18:15 -> 2026-09-04 17:30 (desc)
2026-09-06 14:20:57,061 - INFO - Descargando batch 3/91 (after=2026-09-04 17:29) ...
2026-09-06 14:20:58,185 - INFO -   Guardadas 100 velas. Rango: 2026-09-04 17:15 -> 2026-09-03 16:30 (desc)
2026-09-06 14:20:58,490 - INFO - Descargando batch 4/91 (after=2026-09-03 16:29) ...
2026-09-06 14:20:59,374 - INFO -   Guardadas 100 velas. Rango: 2026-09-03 16:15 -> 2026-09-02 15:30 (desc)
2026-09-06 14:20:59,681 - INFO - Descargando batch 5/91 (after=2026-09-02 15:29) ...
2026-09-06 14:21:00,591 - INFO -   Guardadas 100 velas. Rango: 2026-09-02 15:15 -> 2026-09-01 14:30 (desc)
2026-09-06 14:21:00,902 - INFO - Descargando batch 6/91 (after=2026-09-01 14:29) ...
2026-09-06 14:21:01,795 - INFO -   Guardadas 100 velas. Rango: 2026-09-01 14:15 -> 2026-08-31 13:30 (desc)
2026-09-06 14:21:02,095 - INFO - Descargando batch 7/91 (after=2026-08-31 13:29) ...
2026-09-06 14:21:02,944 - INFO -   Guardadas 100 velas. Rango: 2026-08-31 13:15 -> 2026-08-30 12:30 (desc)
2026-09-06 14:21:03,251 - INFO - Descargando batch 8/91 (after=2026-08-30 12:29) ...
2026-09-06 14:21:04,094 - INFO -   Guardadas 100 velas. Rango: 2026-08-30 12:15 -> 2026-08-29 11:30 (desc)
2026-09-06 14:21:04,396 - INFO - Descargando batch 9/91 (after=2026-08-29 11:29) ...
2026-09-06 14:21:05,564 - INFO -   Guardadas 100 velas. Rango: 2026-08-29 11:15 -> 2026-08-28 10:30 (desc)
2026-09-06 14:21:05,871 - INFO - Descargando batch 10/91 (after=2026-08-28 10:29) ...
2026-09-06 14:21:06,724 - INFO -   Guardadas 100 velas. Rango: 2026-08-28 10:15 -> 2026-08-27 09:30 (desc)
2026-09-06 14:21:07,030 - INFO - Descargando batch 11/91 (after=2026-08-27 09:29) ...
2026-09-06 14:21:08,123 - INFO -   Guardadas 100 velas. Rango: 2026-08-27 09:15 -> 2026-08-26 08:30 (desc)
2026-09-06 14:21:08,438 - INFO - Descargando batch 12/91 (after=2026-08-26 08:29) ...
2026-09-06 14:21:09,323 - INFO -   Guardadas 100 velas. Rango: 2026-08-26 08:15 -> 2026-08-25 07:30 (desc)
2026-09-06 14:21:09,630 - INFO - Descargando batch 13/91 (after=2026-08-25 07:29) ...
2026-09-06 14:21:10,474 - INFO -   Guardadas 100 velas. Rango: 2026-08-25 07:15 -> 2026-08-24 06:30 (desc)
2026-09-06 14:21:10,789 - INFO - Descargando batch 14/91 (after=2026-08-24 06:29) ...
2026-09-06 14:21:11,759 - INFO -   Guardadas 100 velas. Rango: 2026-08-24 06:15 -> 2026-08-23 05:30 (desc)
2026-09-06 14:21:12,071 - INFO - Descargando batch 15/91 (after=2026-08-23 05:29) ...
2026-09-06 14:21:12,923 - INFO -   Guardadas 100 velas. Rango: 2026-08-23 05:15 -> 2026-08-22 04:30 (desc)
2026-09-06 14:21:13,231 - INFO - Descargando batch 16/91 (after=2026-08-22 04:29) ...
2026-09-06 14:21:14,074 - INFO -   Guardadas 100 velas. Rango: 2026-08-22 04:15 -> 2026-08-21 03:30 (desc)
2026-09-06 14:21:14,380 - INFO - Descargando batch 17/91 (after=2026-08-21 03:29) ...
2026-09-06 14:21:15,314 - INFO -   Guardadas 100 velas. Rango: 2026-08-21 03:15 -> 2026-08-20 02:30 (desc)
2026-09-06 14:21:15,629 - INFO - Descargando batch 18/91 (after=2026-08-20 02:29) ...
2026-09-06 14:21:16,464 - INFO -   Guardadas 100 velas. Rango: 2026-08-20 02:15 -> 2026-08-19 01:30 (desc)
2026-09-06 14:21:16,772 - INFO - Descargando batch 19/91 (after=2026-08-19 01:29) ...
2026-09-06 14:21:17,612 - INFO -   Guardadas 100 velas. Rango: 2026-08-19 01:15 -> 2026-08-18 00:30 (desc)
2026-09-06 14:21:17,925 - INFO - Descargando batch 20/91 (after=2026-08-18 00:29) ...
2026-09-06 14:21:18,843 - INFO -   Guardadas 100 velas. Rango: 2026-08-18 00:15 -> 2026-08-16 23:30 (desc)
2026-09-06 14:21:19,155 - INFO - Descargando batch 21/91 (after=2026-08-16 23:29) ...
2026-09-06 14:21:20,116 - INFO -   Guardadas 100 velas. Rango: 2026-08-16 23:15 -> 2026-08-15 22:30 (desc)
2026-09-06 14:21:20,430 - INFO - Descargando batch 22/91 (after=2026-08-15 22:29) ...
2026-09-06 14:21:21,285 - INFO -   Guardadas 100 velas. Rango: 2026-08-15 22:15 -> 2026-08-14 21:30 (desc)
2026-09-06 14:21:21,599 - INFO - Descargando batch 23/91 (after=2026-08-14 21:29) ...
2026-09-06 14:21:22,524 - INFO -   Guardadas 100 velas. Rango: 2026-08-14 21:15 -> 2026-08-13 20:30 (desc)
2026-09-06 14:21:22,839 - INFO - Descargando batch 24/91 (after=2026-08-13 20:29) ...
2026-09-06 14:21:23,713 - INFO -   Guardadas 100 velas. Rango: 2026-08-13 20:15 -> 2026-08-12 19:30 (desc)
2026-09-06 14:21:24,016 - INFO - Descargando batch 25/91 (after=2026-08-12 19:29) ...
2026-09-06 14:21:24,954 - INFO -   Guardadas 100 velas. Rango: 2026-08-12 19:15 -> 2026-08-11 18:30 (desc)
2026-09-06 14:21:25,262 - INFO - Descargando batch 26/91 (after=2026-08-11 18:29) ...
2026-09-06 14:21:26,371 - INFO -   Guardadas 100 velas. Rango: 2026-08-11 18:15 -> 2026-08-10 17:30 (desc)
2026-09-06 14:21:26,683 - INFO - Descargando batch 27/91 (after=2026-08-10 17:29) ...
2026-09-06 14:21:27,643 - INFO -   Guardadas 100 velas. Rango: 2026-08-10 17:15 -> 2026-08-09 16:30 (desc)
2026-09-06 14:21:27,946 - INFO - Descargando batch 28/91 (after=2026-08-09 16:29) ...
2026-09-06 14:21:28,924 - INFO -   Guardadas 100 velas. Rango: 2026-08-09 16:15 -> 2026-08-08 15:30 (desc)
2026-09-06 14:21:29,226 - INFO - Descargando batch 29/91 (after=2026-08-08 15:29) ...
2026-09-06 14:21:30,083 - INFO -   Guardadas 100 velas. Rango: 2026-08-08 15:15 -> 2026-08-07 14:30 (desc)
2026-09-06 14:21:30,396 - INFO - Descargando batch 30/91 (after=2026-08-07 14:29) ...
2026-09-06 14:21:31,331 - INFO -   Guardadas 100 velas. Rango: 2026-08-07 14:15 -> 2026-08-06 13:30 (desc)
2026-09-06 14:21:31,645 - INFO - Descargando batch 31/91 (after=2026-08-06 13:29) ...
2026-09-06 14:21:32,694 - INFO -   Guardadas 100 velas. Rango: 2026-08-06 13:15 -> 2026-08-05 12:30 (desc)
2026-09-06 14:21:33,005 - INFO - Descargando batch 32/91 (after=2026-08-05 12:29) ...
2026-09-06 14:21:33,874 - INFO -   Guardadas 100 velas. Rango: 2026-08-05 12:15 -> 2026-08-04 11:30 (desc)
2026-09-06 14:21:34,179 - INFO - Descargando batch 33/91 (after=2026-08-04 11:29) ...
2026-09-06 14:21:35,087 - INFO -   Guardadas 100 velas. Rango: 2026-08-04 11:15 -> 2026-08-03 10:30 (desc)
2026-09-06 14:21:35,403 - INFO - Descargando batch 34/91 (after=2026-08-03 10:29) ...
2026-09-06 14:21:36,364 - INFO -   Guardadas 100 velas. Rango: 2026-08-03 10:15 -> 2026-08-02 09:30 (desc)
2026-09-06 14:21:36,672 - INFO - Descargando batch 35/91 (after=2026-08-02 09:29) ...
2026-09-06 14:21:37,844 - INFO -   Guardadas 100 velas. Rango: 2026-08-02 09:15 -> 2026-08-01 08:30 (desc)
2026-09-06 14:21:38,157 - INFO - Descargando batch 36/91 (after=2026-08-01 08:29) ...
2026-09-06 14:21:39,207 - INFO -   Guardadas 100 velas. Rango: 2026-08-01 08:15 -> 2026-07-31 07:30 (desc)
2026-09-06 14:21:39,509 - INFO - Descargando batch 37/91 (after=2026-07-31 07:29) ...
2026-09-06 14:21:40,432 - INFO -   Guardadas 100 velas. Rango: 2026-07-31 07:15 -> 2026-07-30 06:30 (desc)
2026-09-06 14:21:40,732 - INFO - Descargando batch 38/91 (after=2026-07-30 06:29) ...
2026-09-06 14:21:41,678 - INFO -   Guardadas 100 velas. Rango: 2026-07-30 06:15 -> 2026-07-29 05:30 (desc)
2026-09-06 14:21:41,986 - INFO - Descargando batch 39/91 (after=2026-07-29 05:29) ...
2026-09-06 14:21:43,005 - INFO -   Guardadas 100 velas. Rango: 2026-07-29 05:15 -> 2026-07-28 04:30 (desc)
2026-09-06 14:21:43,320 - INFO - Descargando batch 40/91 (after=2026-07-28 04:29) ...
2026-09-06 14:21:44,173 - INFO -   Guardadas 100 velas. Rango: 2026-07-28 04:15 -> 2026-07-27 03:30 (desc)
2026-09-06 14:21:44,479 - INFO - Descargando batch 41/91 (after=2026-07-27 03:29) ...
2026-09-06 14:21:45,364 - INFO -   Guardadas 100 velas. Rango: 2026-07-27 03:15 -> 2026-07-26 02:30 (desc)
2026-09-06 14:21:45,679 - INFO - Descargando batch 42/91 (after=2026-07-26 02:29) ...
2026-09-06 14:21:46,604 - INFO -   Guardadas 100 velas. Rango: 2026-07-26 02:15 -> 2026-07-25 01:30 (desc)
2026-09-06 14:21:46,913 - INFO - Descargando batch 43/91 (after=2026-07-25 01:29) ...
2026-09-06 14:21:47,764 - INFO -   Guardadas 100 velas. Rango: 2026-07-25 01:15 -> 2026-07-24 00:30 (desc)
2026-09-06 14:21:48,078 - INFO - Descargando batch 44/91 (after=2026-07-24 00:29) ...
2026-09-06 14:21:49,084 - INFO -   Guardadas 100 velas. Rango: 2026-07-24 00:15 -> 2026-07-22 23:30 (desc)
2026-09-06 14:21:49,391 - INFO - Descargando batch 45/91 (after=2026-07-22 23:29) ...
2026-09-06 14:21:50,296 - INFO -   Guardadas 100 velas. Rango: 2026-07-22 23:15 -> 2026-07-21 22:30 (desc)
2026-09-06 14:21:50,597 - INFO - Descargando batch 46/91 (after=2026-07-21 22:29) ...
2026-09-06 14:21:51,484 - INFO -   Guardadas 100 velas. Rango: 2026-07-21 22:15 -> 2026-07-20 21:30 (desc)
2026-09-06 14:21:51,791 - INFO - Descargando batch 47/91 (after=2026-07-20 21:29) ...
2026-09-06 14:21:52,694 - INFO -   Guardadas 100 velas. Rango: 2026-07-20 21:15 -> 2026-07-19 20:30 (desc)
2026-09-06 14:21:53,003 - INFO - Descargando batch 48/91 (after=2026-07-19 20:29) ...
2026-09-06 14:21:53,922 - INFO -   Guardadas 100 velas. Rango: 2026-07-19 20:15 -> 2026-07-18 19:30 (desc)
2026-09-06 14:21:54,226 - INFO - Descargando batch 49/91 (after=2026-07-18 19:29) ...
2026-09-06 14:21:55,141 - INFO -   Guardadas 100 velas. Rango: 2026-07-18 19:15 -> 2026-07-17 18:30 (desc)
2026-09-06 14:21:55,451 - INFO - Descargando batch 50/91 (after=2026-07-17 18:29) ...
2026-09-06 14:21:56,284 - INFO -   Guardadas 100 velas. Rango: 2026-07-17 18:15 -> 2026-07-16 17:30 (desc)
2026-09-06 14:21:56,594 - INFO - Descargando batch 51/91 (after=2026-07-16 17:29) ...
2026-09-06 14:21:57,463 - INFO -   Guardadas 100 velas. Rango: 2026-07-16 17:15 -> 2026-07-15 16:30 (desc)
2026-09-06 14:21:57,776 - INFO - Descargando batch 52/91 (after=2026-07-15 16:29) ...
2026-09-06 14:21:58,663 - INFO -   Guardadas 100 velas. Rango: 2026-07-15 16:15 -> 2026-07-14 15:30 (desc)
2026-09-06 14:21:58,972 - INFO - Descargando batch 53/91 (after=2026-07-14 15:29) ...
2026-09-06 14:21:59,973 - INFO -   Guardadas 100 velas. Rango: 2026-07-14 15:15 -> 2026-07-13 14:30 (desc)
2026-09-06 14:22:00,276 - INFO - Descargando batch 54/91 (after=2026-07-13 14:29) ...
2026-09-06 14:22:01,133 - INFO -   Guardadas 100 velas. Rango: 2026-07-13 14:15 -> 2026-07-12 13:30 (desc)
2026-09-06 14:22:01,442 - INFO - Descargando batch 55/91 (after=2026-07-12 13:29) ...
2026-09-06 14:22:02,311 - INFO -   Guardadas 100 velas. Rango: 2026-07-12 13:15 -> 2026-07-11 12:30 (desc)
2026-09-06 14:22:02,620 - INFO - Descargando batch 56/91 (after=2026-07-11 12:29) ...
2026-09-06 14:22:03,733 - INFO -   Guardadas 100 velas. Rango: 2026-07-11 12:15 -> 2026-07-10 11:30 (desc)
2026-09-06 14:22:04,038 - INFO - Descargando batch 57/91 (after=2026-07-10 11:29) ...
2026-09-06 14:22:05,033 - INFO -   Guardadas 100 velas. Rango: 2026-07-10 11:15 -> 2026-07-09 10:30 (desc)
2026-09-06 14:22:05,346 - INFO - Descargando batch 58/91 (after=2026-07-09 10:29) ...
2026-09-06 14:22:06,323 - INFO -   Guardadas 100 velas. Rango: 2026-07-09 10:15 -> 2026-07-08 09:30 (desc)
2026-09-06 14:22:06,635 - INFO - Descargando batch 59/91 (after=2026-07-08 09:29) ...
2026-09-06 14:22:07,494 - INFO -   Guardadas 100 velas. Rango: 2026-07-08 09:15 -> 2026-07-07 08:30 (desc)
2026-09-06 14:22:07,809 - INFO - Descargando batch 60/91 (after=2026-07-07 08:29) ...
2026-09-06 14:22:08,927 - INFO -   Guardadas 100 velas. Rango: 2026-07-07 08:15 -> 2026-07-06 07:30 (desc)
2026-09-06 14:22:09,241 - INFO - Descargando batch 61/91 (after=2026-07-06 07:29) ...
2026-09-06 14:22:10,189 - INFO -   Guardadas 100 velas. Rango: 2026-07-06 07:15 -> 2026-07-05 06:30 (desc)
2026-09-06 14:22:10,499 - INFO - Descargando batch 62/91 (after=2026-07-05 06:29) ...
2026-09-06 14:22:11,441 - INFO -   Guardadas 100 velas. Rango: 2026-07-05 06:15 -> 2026-07-04 05:30 (desc)
2026-09-06 14:22:11,754 - INFO - Descargando batch 63/91 (after=2026-07-04 05:29) ...
2026-09-06 14:22:12,683 - INFO -   Guardadas 100 velas. Rango: 2026-07-04 05:15 -> 2026-07-03 04:30 (desc)
2026-09-06 14:22:12,984 - INFO - Descargando batch 64/91 (after=2026-07-03 04:29) ...
2026-09-06 14:22:13,872 - INFO -   Guardadas 100 velas. Rango: 2026-07-03 04:15 -> 2026-07-02 03:30 (desc)
2026-09-06 14:22:14,176 - INFO - Descargando batch 65/91 (after=2026-07-02 03:29) ...
2026-09-06 14:22:15,093 - INFO -   Guardadas 100 velas. Rango: 2026-07-02 03:15 -> 2026-07-01 02:30 (desc)
2026-09-06 14:22:15,398 - INFO - Descargando batch 66/91 (after=2026-07-01 02:29) ...
2026-09-06 14:22:16,553 - INFO -   Guardadas 100 velas. Rango: 2026-07-01 02:15 -> 2026-06-30 01:30 (desc)
2026-09-06 14:22:16,860 - INFO - Descargando batch 67/91 (after=2026-06-30 01:29) ...
2026-09-06 14:22:17,783 - INFO -   Guardadas 100 velas. Rango: 2026-06-30 01:15 -> 2026-06-29 00:30 (desc)
2026-09-06 14:22:18,097 - INFO - Descargando batch 68/91 (after=2026-06-29 00:29) ...
2026-09-06 14:22:19,073 - INFO -   Guardadas 100 velas. Rango: 2026-06-29 00:15 -> 2026-06-27 23:30 (desc)
2026-09-06 14:22:19,386 - INFO - Descargando batch 69/91 (after=2026-06-27 23:29) ...
2026-09-06 14:22:20,384 - INFO -   Guardadas 100 velas. Rango: 2026-06-27 23:15 -> 2026-06-26 22:30 (desc)
2026-09-06 14:22:20,693 - INFO - Descargando batch 70/91 (after=2026-06-26 22:29) ...
2026-09-06 14:22:21,565 - INFO -   Guardadas 100 velas. Rango: 2026-06-26 22:15 -> 2026-06-25 21:30 (desc)
2026-09-06 14:22:21,873 - INFO - Descargando batch 71/91 (after=2026-06-25 21:29) ...
2026-09-06 14:22:23,013 - INFO -   Guardadas 100 velas. Rango: 2026-06-25 21:15 -> 2026-06-24 20:30 (desc)
2026-09-06 14:22:23,322 - INFO - Descargando batch 72/91 (after=2026-06-24 20:29) ...
2026-09-06 14:22:24,183 - INFO -   Guardadas 100 velas. Rango: 2026-06-24 20:15 -> 2026-06-23 19:30 (desc)
2026-09-06 14:22:24,485 - INFO - Descargando batch 73/91 (after=2026-06-23 19:29) ...
2026-09-06 14:22:25,511 - INFO -   Guardadas 100 velas. Rango: 2026-06-23 19:15 -> 2026-06-22 18:30 (desc)
2026-09-06 14:22:25,828 - INFO - Descargando batch 74/91 (after=2026-06-22 18:29) ...
2026-09-06 14:22:26,724 - INFO -   Guardadas 100 velas. Rango: 2026-06-22 18:15 -> 2026-06-21 17:30 (desc)
2026-09-06 14:22:27,036 - INFO - Descargando batch 75/91 (after=2026-06-21 17:29) ...
2026-09-06 14:22:27,921 - INFO -   Guardadas 100 velas. Rango: 2026-06-21 17:15 -> 2026-06-20 16:30 (desc)
2026-09-06 14:22:28,226 - INFO - Descargando batch 76/91 (after=2026-06-20 16:29) ...
2026-09-06 14:22:29,411 - INFO -   Guardadas 100 velas. Rango: 2026-06-20 16:15 -> 2026-06-19 15:30 (desc)
2026-09-06 14:22:29,719 - INFO - Descargando batch 77/91 (after=2026-06-19 15:29) ...
2026-09-06 14:22:30,633 - INFO -   Guardadas 100 velas. Rango: 2026-06-19 15:15 -> 2026-06-18 14:30 (desc)
2026-09-06 14:22:30,936 - INFO - Descargando batch 78/91 (after=2026-06-18 14:29) ...
2026-09-06 14:22:31,846 - INFO -   Guardadas 100 velas. Rango: 2026-06-18 14:15 -> 2026-06-17 13:30 (desc)
2026-09-06 14:22:32,147 - INFO - Descargando batch 79/91 (after=2026-06-17 13:29) ...
2026-09-06 14:22:33,002 - INFO -   Guardadas 100 velas. Rango: 2026-06-17 13:15 -> 2026-06-16 12:30 (desc)
2026-09-06 14:22:33,306 - INFO - Descargando batch 80/91 (after=2026-06-16 12:29) ...
2026-09-06 14:22:34,172 - INFO -   Guardadas 100 velas. Rango: 2026-06-16 12:15 -> 2026-06-15 11:30 (desc)
2026-09-06 14:22:34,485 - INFO - Descargando batch 81/91 (after=2026-06-15 11:29) ...
2026-09-06 14:22:35,333 - INFO -   Guardadas 100 velas. Rango: 2026-06-15 11:15 -> 2026-06-14 10:30 (desc)
2026-09-06 14:22:35,645 - INFO - Descargando batch 82/91 (after=2026-06-14 10:29) ...
2026-09-06 14:22:36,713 - INFO -   Guardadas 100 velas. Rango: 2026-06-14 10:15 -> 2026-06-13 09:30 (desc)
2026-09-06 14:22:37,024 - INFO - Descargando batch 83/91 (after=2026-06-13 09:29) ...
2026-09-06 14:22:38,044 - INFO -   Guardadas 100 velas. Rango: 2026-06-13 09:15 -> 2026-06-12 08:30 (desc)
2026-09-06 14:22:38,352 - INFO - Descargando batch 84/91 (after=2026-06-12 08:29) ...
2026-09-06 14:22:39,202 - INFO -   Guardadas 100 velas. Rango: 2026-06-12 08:15 -> 2026-06-11 07:30 (desc)
2026-09-06 14:22:39,522 - INFO - Descargando batch 85/91 (after=2026-06-11 07:29) ...
2026-09-06 14:22:40,543 - INFO -   Guardadas 100 velas. Rango: 2026-06-11 07:15 -> 2026-06-10 06:30 (desc)
2026-09-06 14:22:40,846 - INFO - Descargando batch 86/91 (after=2026-06-10 06:29) ...
2026-09-06 14:22:41,825 - INFO -   Guardadas 100 velas. Rango: 2026-06-10 06:15 -> 2026-06-09 05:30 (desc)
2026-09-06 14:22:42,141 - INFO - Descargando batch 87/91 (after=2026-06-09 05:29) ...
2026-09-06 14:22:43,084 - INFO -   Guardadas 100 velas. Rango: 2026-06-09 05:15 -> 2026-06-08 04:30 (desc)
2026-09-06 14:22:43,085 - INFO - Se alcanz贸 el inicio del periodo deseado
2026-09-06 14:22:43,106 - INFO - Descarga completada para 15m: 8700 velas en 87 batches
2026-09-06 14:22:44,123 - INFO - ============================================================
2026-09-06 14:22:44,124 - INFO - DESCARGANDO 90 DIAS DE VELAS 1H
2026-09-06 14:22:44,140 - INFO - ============================================================
2026-09-06 14:22:44,143 - INFO - Descargando batch 1/26 (after=2026-09-06 19:22) ...
2026-09-06 14:22:45,163 - INFO -   Guardadas 100 velas. Rango: 2026-09-06 19:00 -> 2026-09-02 16:00 (desc)
2026-09-06 14:22:45,481 - INFO - Descargando batch 2/26 (after=2026-09-02 15:59) ...
2026-09-06 14:22:46,363 - INFO -   Guardadas 100 velas. Rango: 2026-09-02 15:00 -> 2026-08-29 12:00 (desc)
2026-09-06 14:22:46,667 - INFO - Descargando batch 3/26 (after=2026-08-29 11:59) ...
2026-09-06 14:22:47,565 - INFO -   Guardadas 100 velas. Rango: 2026-08-29 11:00 -> 2026-08-25 08:00 (desc)
2026-09-06 14:22:47,882 - INFO - Descargando batch 4/26 (after=2026-08-25 07:59) ...
2026-09-06 14:22:48,743 - INFO -   Guardadas 100 velas. Rango: 2026-08-25 07:00 -> 2026-08-21 04:00 (desc)
2026-09-06 14:22:49,049 - INFO - Descargando batch 5/26 (after=2026-08-21 03:59) ...
2026-09-06 14:22:49,963 - INFO -   Guardadas 100 velas. Rango: 2026-08-21 03:00 -> 2026-08-17 00:00 (desc)
2026-09-06 14:22:50,281 - INFO - Descargando batch 6/26 (after=2026-08-16 23:59) ...
2026-09-06 14:22:51,413 - INFO -   Guardadas 100 velas. Rango: 2026-08-16 23:00 -> 2026-08-12 20:00 (desc)
2026-09-06 14:22:51,722 - INFO - Descargando batch 7/26 (after=2026-08-12 19:59) ...
2026-09-06 14:22:52,614 - INFO -   Guardadas 100 velas. Rango: 2026-08-12 19:00 -> 2026-08-08 16:00 (desc)
2026-09-06 14:22:52,927 - INFO - Descargando batch 8/26 (after=2026-08-08 15:59) ...
2026-09-06 14:22:53,870 - INFO -   Guardadas 100 velas. Rango: 2026-08-08 15:00 -> 2026-08-04 12:00 (desc)
2026-09-06 14:22:54,182 - INFO - Descargando batch 9/26 (after=2026-08-04 11:59) ...
2026-09-06 14:22:55,073 - INFO -   Guardadas 100 velas. Rango: 2026-08-04 11:00 -> 2026-07-31 08:00 (desc)
2026-09-06 14:22:55,378 - INFO - Descargando batch 10/26 (after=2026-07-31 07:59) ...
2026-09-06 14:22:56,284 - INFO -   Guardadas 100 velas. Rango: 2026-07-31 07:00 -> 2026-07-27 04:00 (desc)
2026-09-06 14:22:56,585 - INFO - Descargando batch 11/26 (after=2026-07-27 03:59) ...
2026-09-06 14:22:57,532 - INFO -   Guardadas 100 velas. Rango: 2026-07-27 03:00 -> 2026-07-23 00:00 (desc)
2026-09-06 14:22:57,836 - INFO - Descargando batch 12/26 (after=2026-07-22 23:59) ...
2026-09-06 14:22:58,834 - INFO -   Guardadas 100 velas. Rango: 2026-07-22 23:00 -> 2026-07-18 20:00 (desc)
2026-09-06 14:22:59,142 - INFO - Descargando batch 13/26 (after=2026-07-18 19:59) ...
2026-09-06 14:22:59,993 - INFO -   Guardadas 100 velas. Rango: 2026-07-18 19:00 -> 2026-07-14 16:00 (desc)
2026-09-06 14:23:00,301 - INFO - Descargando batch 14/26 (after=2026-07-14 15:59) ...
2026-09-06 14:23:01,240 - INFO -   Guardadas 100 velas. Rango: 2026-07-14 15:00 -> 2026-07-10 12:00 (desc)
2026-09-06 14:23:01,556 - INFO - Descargando batch 15/26 (after=2026-07-10 11:59) ...
2026-09-06 14:23:02,434 - INFO -   Guardadas 100 velas. Rango: 2026-07-10 11:00 -> 2026-07-06 08:00 (desc)
2026-09-06 14:23:02,741 - INFO - Descargando batch 16/26 (after=2026-07-06 07:59) ...
2026-09-06 14:23:03,724 - INFO -   Guardadas 100 velas. Rango: 2026-07-06 07:00 -> 2026-07-02 04:00 (desc)
2026-09-06 14:23:04,031 - INFO - Descargando batch 17/26 (after=2026-07-02 03:59) ...
2026-09-06 14:23:04,922 - INFO -   Guardadas 100 velas. Rango: 2026-07-02 03:00 -> 2026-06-28 00:00 (desc)
2026-09-06 14:23:05,238 - INFO - Descargando batch 18/26 (after=2026-06-27 23:59) ...
2026-09-06 14:23:06,130 - INFO -   Guardadas 100 velas. Rango: 2026-06-27 23:00 -> 2026-06-23 20:00 (desc)
2026-09-06 14:23:06,431 - INFO - Descargando batch 19/26 (after=2026-06-23 19:59) ...
2026-09-06 14:23:07,483 - INFO -   Guardadas 100 velas. Rango: 2026-06-23 19:00 -> 2026-06-19 16:00 (desc)
2026-09-06 14:23:07,802 - INFO - Descargando batch 20/26 (after=2026-06-19 15:59) ...
2026-09-06 14:23:08,685 - INFO -   Guardadas 100 velas. Rango: 2026-06-19 15:00 -> 2026-06-15 12:00 (desc)
2026-09-06 14:23:08,996 - INFO - Descargando batch 21/26 (after=2026-06-15 11:59) ...
2026-09-06 14:23:10,022 - INFO -   Guardadas 100 velas. Rango: 2026-06-15 11:00 -> 2026-06-11 08:00 (desc)
2026-09-06 14:23:10,327 - INFO - Descargando batch 22/26 (after=2026-06-11 07:59) ...
2026-09-06 14:23:11,364 - INFO -   Guardadas 100 velas. Rango: 2026-06-11 07:00 -> 2026-06-07 04:00 (desc)
2026-09-06 14:23:11,365 - INFO - Se alcanz贸 el inicio del periodo deseado
2026-09-06 14:23:11,383 - INFO - Descarga completada para 1H: 2200 velas en 22 batches
2026-09-06 14:23:12,391 - INFO - ============================================================
2026-09-06 14:23:12,392 - INFO - DESCARGANDO 90 DIAS DE VELAS 4H
2026-09-06 14:23:12,407 - INFO - ============================================================
2026-09-06 14:23:12,409 - INFO - Descargando batch 1/10 (after=2026-09-06 19:23) ...
2026-09-06 14:23:13,752 - INFO -   Guardadas 100 velas. Rango: 2026-09-06 16:00 -> 2026-08-21 04:00 (desc)
2026-09-06 14:23:14,056 - INFO - Descargando batch 2/10 (after=2026-08-21 03:59) ...
2026-09-06 14:23:14,993 - INFO -   Guardadas 100 velas. Rango: 2026-08-21 00:00 -> 2026-08-04 12:00 (desc)
2026-09-06 14:23:15,303 - INFO - Descargando batch 3/10 (after=2026-08-04 11:59) ...
2026-09-06 14:23:16,145 - INFO -   Guardadas 100 velas. Rango: 2026-08-04 08:00 -> 2026-07-18 20:00 (desc)
2026-09-06 14:23:16,447 - INFO - Descargando batch 4/10 (after=2026-07-18 19:59) ...
2026-09-06 14:23:17,333 - INFO -   Guardadas 100 velas. Rango: 2026-07-18 16:00 -> 2026-07-02 04:00 (desc)
2026-09-06 14:23:17,646 - INFO - Descargando batch 5/10 (after=2026-07-02 03:59) ...
2026-09-06 14:23:18,642 - INFO -   Guardadas 100 velas. Rango: 2026-07-02 00:00 -> 2026-06-15 12:00 (desc)
2026-09-06 14:23:18,951 - INFO - Descargando batch 6/10 (after=2026-06-15 11:59) ...
2026-09-06 14:23:19,903 - INFO -   Guardadas 100 velas. Rango: 2026-06-15 08:00 -> 2026-05-29 20:00 (desc)
2026-09-06 14:23:19,903 - INFO - Se alcanz贸 el inicio del periodo deseado
2026-09-06 14:23:19,922 - INFO - Descarga completada para 4H: 600 velas en 6 batches
2026-09-06 14:23:21,064 - INFO - Conexi贸n a Supabase cerrada
2026-09-06 15:46:27,166 - INFO - Conexi贸n a Supabase establecida
2026-09-06 15:46:27,166 - INFO - ============================================================
2026-09-06 15:46:27,168 - INFO - DESCARGANDO 100 DIAS DE VELAS 15m
2026-09-06 15:46:27,168 - INFO - ============================================================
2026-09-06 15:46:27,169 - INFO - Descargando batch 1/101 (after=2026-09-06 20:46) ...
2026-09-06 15:46:28,590 - INFO -   Guardadas 100 velas. Rango: 2026-09-06 20:45 -> 2026-09-05 20:00 (desc)
2026-09-06 15:46:28,892 - INFO - Descargando batch 2/101 (after=2026-09-05 19:59) ...
2026-09-06 15:46:29,847 - INFO -   Guardadas 100 velas. Rango: 2026-09-05 19:45 -> 2026-09-04 19:00 (desc)
2026-09-06 15:46:30,148 - INFO - Descargando batch 3/101 (after=2026-09-04 18:59) ...
2026-09-06 15:46:31,079 - INFO -   Guardadas 100 velas. Rango: 2026-09-04 18:45 -> 2026-09-03 18:00 (desc)
2026-09-06 15:46:31,388 - INFO - Descargando batch 4/101 (after=2026-09-03 17:59) ...
2026-09-06 15:46:32,598 - INFO -   Guardadas 100 velas. Rango: 2026-09-03 17:45 -> 2026-09-02 17:00 (desc)
2026-09-06 15:46:32,903 - INFO - Descargando batch 5/101 (after=2026-09-02 16:59) ...
2026-09-06 15:46:33,878 - INFO -   Guardadas 100 velas. Rango: 2026-09-02 16:45 -> 2026-09-01 16:00 (desc)
2026-09-06 15:46:34,184 - INFO - Descargando batch 6/101 (after=2026-09-01 15:59) ...
2026-09-06 15:46:35,158 - INFO -   Guardadas 100 velas. Rango: 2026-09-01 15:45 -> 2026-08-31 15:00 (desc)
2026-09-06 15:46:35,470 - INFO - Descargando batch 7/101 (after=2026-08-31 14:59) ...
2026-09-06 15:46:36,446 - INFO -   Guardadas 100 velas. Rango: 2026-08-31 14:45 -> 2026-08-30 14:00 (desc)
2026-09-06 15:46:36,752 - INFO - Descargando batch 8/101 (after=2026-08-30 13:59) ...
2026-09-06 15:46:37,718 - INFO -   Guardadas 100 velas. Rango: 2026-08-30 13:45 -> 2026-08-29 13:00 (desc)
2026-09-06 15:46:38,029 - INFO - Descargando batch 9/101 (after=2026-08-29 12:59) ...
2026-09-06 15:46:38,940 - INFO -   Guardadas 100 velas. Rango: 2026-08-29 12:45 -> 2026-08-28 12:00 (desc)
2026-09-06 15:46:39,250 - INFO - Descargando batch 10/101 (after=2026-08-28 11:59) ...
2026-09-06 15:46:40,181 - INFO -   Guardadas 100 velas. Rango: 2026-08-28 11:45 -> 2026-08-27 11:00 (desc)
2026-09-06 15:46:40,492 - INFO - Descargando batch 11/101 (after=2026-08-27 10:59) ...
2026-09-06 15:46:41,417 - INFO -   Guardadas 100 velas. Rango: 2026-08-27 10:45 -> 2026-08-26 10:00 (desc)
2026-09-06 15:46:41,730 - INFO - Descargando batch 12/101 (after=2026-08-26 09:59) ...
2026-09-06 15:46:42,619 - INFO -   Guardadas 100 velas. Rango: 2026-08-26 09:45 -> 2026-08-25 09:00 (desc)
2026-09-06 15:46:42,924 - INFO - Descargando batch 13/101 (after=2026-08-25 08:59) ...
2026-09-06 15:46:43,836 - INFO -   Guardadas 100 velas. Rango: 2026-08-25 08:45 -> 2026-08-24 08:00 (desc)
2026-09-06 15:46:44,142 - INFO - Descargando batch 14/101 (after=2026-08-24 07:59) ...
2026-09-06 15:46:45,230 - INFO -   Guardadas 100 velas. Rango: 2026-08-24 07:45 -> 2026-08-23 07:00 (desc)
2026-09-06 15:46:45,537 - INFO - Descargando batch 15/101 (after=2026-08-23 06:59) ...
2026-09-06 15:46:46,412 - INFO -   Guardadas 100 velas. Rango: 2026-08-23 06:45 -> 2026-08-22 06:00 (desc)
2026-09-06 15:46:46,727 - INFO - Descargando batch 16/101 (after=2026-08-22 05:59) ...
2026-09-06 15:46:47,691 - INFO -   Guardadas 100 velas. Rango: 2026-08-22 05:45 -> 2026-08-21 05:00 (desc)
2026-09-06 15:46:47,995 - INFO - Descargando batch 17/101 (after=2026-08-21 04:59) ...
2026-09-06 15:46:49,119 - INFO -   Guardadas 100 velas. Rango: 2026-08-21 04:45 -> 2026-08-20 04:00 (desc)
2026-09-06 15:46:49,425 - INFO - Descargando batch 18/101 (after=2026-08-20 03:59) ...
2026-09-06 15:46:50,330 - INFO -   Guardadas 100 velas. Rango: 2026-08-20 03:45 -> 2026-08-19 03:00 (desc)
2026-09-06 15:46:50,641 - INFO - Descargando batch 19/101 (after=2026-08-19 02:59) ...
2026-09-06 15:46:51,575 - INFO -   Guardadas 100 velas. Rango: 2026-08-19 02:45 -> 2026-08-18 02:00 (desc)
2026-09-06 15:46:51,880 - INFO - Descargando batch 20/101 (after=2026-08-18 01:59) ...
2026-09-06 15:46:52,975 - INFO -   Guardadas 100 velas. Rango: 2026-08-18 01:45 -> 2026-08-17 01:00 (desc)
2026-09-06 15:46:53,291 - INFO - Descargando batch 21/101 (after=2026-08-17 00:59) ...
2026-09-06 15:46:54,195 - INFO -   Guardadas 100 velas. Rango: 2026-08-17 00:45 -> 2026-08-16 00:00 (desc)
2026-09-06 15:46:54,506 - INFO - Descargando batch 22/101 (after=2026-08-15 23:59) ...
2026-09-06 15:46:55,540 - INFO -   Guardadas 100 velas. Rango: 2026-08-15 23:45 -> 2026-08-14 23:00 (desc)
2026-09-06 15:46:55,852 - INFO - Descargando batch 23/101 (after=2026-08-14 22:59) ...
2026-09-06 15:46:56,917 - INFO -   Guardadas 100 velas. Rango: 2026-08-14 22:45 -> 2026-08-13 22:00 (desc)
2026-09-06 15:46:57,221 - INFO - Descargando batch 24/101 (after=2026-08-13 21:59) ...
2026-09-06 15:46:58,254 - INFO -   Guardadas 100 velas. Rango: 2026-08-13 21:45 -> 2026-08-12 21:00 (desc)
2026-09-06 15:46:58,567 - INFO - Descargando batch 25/101 (after=2026-08-12 20:59) ...
2026-09-06 15:46:59,450 - INFO -   Guardadas 100 velas. Rango: 2026-08-12 20:45 -> 2026-08-11 20:00 (desc)
2026-09-06 15:46:59,757 - INFO - Descargando batch 26/101 (after=2026-08-11 19:59) ...
2026-09-06 15:47:00,721 - INFO -   Guardadas 100 velas. Rango: 2026-08-11 19:45 -> 2026-08-10 19:00 (desc)
2026-09-06 15:47:01,037 - INFO - Descargando batch 27/101 (after=2026-08-10 18:59) ...
2026-09-06 15:47:02,128 - INFO -   Guardadas 100 velas. Rango: 2026-08-10 18:45 -> 2026-08-09 18:00 (desc)
2026-09-06 15:47:02,446 - INFO - Descargando batch 28/101 (after=2026-08-09 17:59) ...
2026-09-06 15:47:03,341 - INFO -   Guardadas 100 velas. Rango: 2026-08-09 17:45 -> 2026-08-08 17:00 (desc)
2026-09-06 15:47:03,656 - INFO - Descargando batch 29/101 (after=2026-08-08 16:59) ...
2026-09-06 15:47:04,567 - INFO -   Guardadas 100 velas. Rango: 2026-08-08 16:45 -> 2026-08-07 16:00 (desc)
2026-09-06 15:47:04,878 - INFO - Descargando batch 30/101 (after=2026-08-07 15:59) ...
2026-09-06 15:47:05,961 - INFO -   Guardadas 100 velas. Rango: 2026-08-07 15:45 -> 2026-08-06 15:00 (desc)
2026-09-06 15:47:06,274 - INFO - Descargando batch 31/101 (after=2026-08-06 14:59) ...
2026-09-06 15:47:07,557 - INFO -   Guardadas 100 velas. Rango: 2026-08-06 14:45 -> 2026-08-05 14:00 (desc)
2026-09-06 15:47:07,869 - INFO - Descargando batch 32/101 (after=2026-08-05 13:59) ...
2026-09-06 15:47:08,751 - INFO -   Guardadas 100 velas. Rango: 2026-08-05 13:45 -> 2026-08-04 13:00 (desc)
2026-09-06 15:47:09,059 - INFO - Descargando batch 33/101 (after=2026-08-04 12:59) ...
2026-09-06 15:47:09,991 - INFO -   Guardadas 100 velas. Rango: 2026-08-04 12:45 -> 2026-08-03 12:00 (desc)
2026-09-06 15:47:10,298 - INFO - Descargando batch 34/101 (after=2026-08-03 11:59) ...
2026-09-06 15:47:11,201 - INFO -   Guardadas 100 velas. Rango: 2026-08-03 11:45 -> 2026-08-02 11:00 (desc)
2026-09-06 15:47:11,503 - INFO - Descargando batch 35/101 (after=2026-08-02 10:59) ...
2026-09-06 15:47:12,503 - INFO -   Guardadas 100 velas. Rango: 2026-08-02 10:45 -> 2026-08-01 10:00 (desc)
2026-09-06 15:47:12,805 - INFO - Descargando batch 36/101 (after=2026-08-01 09:59) ...
2026-09-06 15:47:13,681 - INFO -   Guardadas 100 velas. Rango: 2026-08-01 09:45 -> 2026-07-31 09:00 (desc)
2026-09-06 15:47:13,995 - INFO - Descargando batch 37/101 (after=2026-07-31 08:59) ...
2026-09-06 15:47:14,850 - INFO -   Guardadas 100 velas. Rango: 2026-07-31 08:45 -> 2026-07-30 08:00 (desc)
2026-09-06 15:47:15,158 - INFO - Descargando batch 38/101 (after=2026-07-30 07:59) ...
2026-09-06 15:47:16,038 - INFO -   Guardadas 100 velas. Rango: 2026-07-30 07:45 -> 2026-07-29 07:00 (desc)
2026-09-06 15:47:16,340 - INFO - Descargando batch 39/101 (after=2026-07-29 06:59) ...
2026-09-06 15:47:17,239 - INFO -   Guardadas 100 velas. Rango: 2026-07-29 06:45 -> 2026-07-28 06:00 (desc)
2026-09-06 15:47:17,548 - INFO - Descargando batch 40/101 (after=2026-07-28 05:59) ...
2026-09-06 15:47:18,483 - INFO -   Guardadas 100 velas. Rango: 2026-07-28 05:45 -> 2026-07-27 05:00 (desc)
2026-09-06 15:47:18,787 - INFO - Descargando batch 41/101 (after=2026-07-27 04:59) ...
2026-09-06 15:47:19,717 - INFO -   Guardadas 100 velas. Rango: 2026-07-27 04:45 -> 2026-07-26 04:00 (desc)
2026-09-06 15:47:20,032 - INFO - Descargando batch 42/101 (after=2026-07-26 03:59) ...
2026-09-06 15:47:20,916 - INFO -   Guardadas 100 velas. Rango: 2026-07-26 03:45 -> 2026-07-25 03:00 (desc)
2026-09-06 15:47:21,229 - INFO - Descargando batch 43/101 (after=2026-07-25 02:59) ...
2026-09-06 15:47:22,198 - INFO -   Guardadas 100 velas. Rango: 2026-07-25 02:45 -> 2026-07-24 02:00 (desc)
2026-09-06 15:47:22,505 - INFO - Descargando batch 44/101 (after=2026-07-24 01:59) ...
2026-09-06 15:47:23,479 - INFO -   Guardadas 100 velas. Rango: 2026-07-24 01:45 -> 2026-07-23 01:00 (desc)
2026-09-06 15:47:23,792 - INFO - Descargando batch 45/101 (after=2026-07-23 00:59) ...
2026-09-06 15:47:24,758 - INFO -   Guardadas 100 velas. Rango: 2026-07-23 00:45 -> 2026-07-22 00:00 (desc)
2026-09-06 15:47:25,073 - INFO - Descargando batch 46/101 (after=2026-07-21 23:59) ...
2026-09-06 15:47:25,958 - INFO -   Guardadas 100 velas. Rango: 2026-07-21 23:45 -> 2026-07-20 23:00 (desc)
2026-09-06 15:47:26,268 - INFO - Descargando batch 47/101 (after=2026-07-20 22:59) ...
2026-09-06 15:47:27,189 - INFO -   Guardadas 100 velas. Rango: 2026-07-20 22:45 -> 2026-07-19 22:00 (desc)
2026-09-06 15:47:27,491 - INFO - Descargando batch 48/101 (after=2026-07-19 21:59) ...
2026-09-06 15:47:28,438 - INFO -   Guardadas 100 velas. Rango: 2026-07-19 21:45 -> 2026-07-18 21:00 (desc)
2026-09-06 15:47:28,744 - INFO - Descargando batch 49/101 (after=2026-07-18 20:59) ...
2026-09-06 15:47:29,636 - INFO -   Guardadas 100 velas. Rango: 2026-07-18 20:45 -> 2026-07-17 20:00 (desc)
2026-09-06 15:47:29,940 - INFO - Descargando batch 50/101 (after=2026-07-17 19:59) ...
2026-09-06 15:47:31,051 - INFO -   Guardadas 100 velas. Rango: 2026-07-17 19:45 -> 2026-07-16 19:00 (desc)
2026-09-06 15:47:31,361 - INFO - Descargando batch 51/101 (after=2026-07-16 18:59) ...
2026-09-06 15:47:32,411 - INFO -   Guardadas 100 velas. Rango: 2026-07-16 18:45 -> 2026-07-15 18:00 (desc)
2026-09-06 15:47:32,722 - INFO - Descargando batch 52/101 (after=2026-07-15 17:59) ...
2026-09-06 15:47:33,598 - INFO -   Guardadas 100 velas. Rango: 2026-07-15 17:45 -> 2026-07-14 17:00 (desc)
2026-09-06 15:47:33,906 - INFO - Descargando batch 53/101 (after=2026-07-14 16:59) ...
2026-09-06 15:47:34,806 - INFO -   Guardadas 100 velas. Rango: 2026-07-14 16:45 -> 2026-07-13 16:00 (desc)
2026-09-06 15:47:35,126 - INFO - Descargando batch 54/101 (after=2026-07-13 15:59) ...
2026-09-06 15:47:36,040 - INFO -   Guardadas 100 velas. Rango: 2026-07-13 15:45 -> 2026-07-12 15:00 (desc)
2026-09-06 15:47:36,342 - INFO - Descargando batch 55/101 (after=2026-07-12 14:59) ...
2026-09-06 15:47:37,317 - INFO -   Guardadas 100 velas. Rango: 2026-07-12 14:45 -> 2026-07-11 14:00 (desc)
2026-09-06 15:47:37,626 - INFO - Descargando batch 56/101 (after=2026-07-11 13:59) ...
2026-09-06 15:47:38,645 - INFO -   Guardadas 100 velas. Rango: 2026-07-11 13:45 -> 2026-07-10 13:00 (desc)
2026-09-06 15:47:38,961 - INFO - Descargando batch 57/101 (after=2026-07-10 12:59) ...
2026-09-06 15:47:39,845 - INFO -   Guardadas 100 velas. Rango: 2026-07-10 12:45 -> 2026-07-09 12:00 (desc)
2026-09-06 15:47:40,156 - INFO - Descargando batch 58/101 (after=2026-07-09 11:59) ...
2026-09-06 15:47:41,078 - INFO -   Guardadas 100 velas. Rango: 2026-07-09 11:45 -> 2026-07-08 11:00 (desc)
2026-09-06 15:47:41,396 - INFO - Descargando batch 59/101 (after=2026-07-08 10:59) ...
2026-09-06 15:47:42,343 - INFO -   Guardadas 100 velas. Rango: 2026-07-08 10:45 -> 2026-07-07 10:00 (desc)
2026-09-06 15:47:42,656 - INFO - Descargando batch 60/101 (after=2026-07-07 09:59) ...
2026-09-06 15:47:43,541 - INFO -   Guardadas 100 velas. Rango: 2026-07-07 09:45 -> 2026-07-06 09:00 (desc)
2026-09-06 15:47:43,856 - INFO - Descargando batch 61/101 (after=2026-07-06 08:59) ...
2026-09-06 15:47:44,896 - INFO -   Guardadas 100 velas. Rango: 2026-07-06 08:45 -> 2026-07-05 08:00 (desc)
2026-09-06 15:47:45,209 - INFO - Descargando batch 62/101 (after=2026-07-05 07:59) ...
2026-09-06 15:47:46,197 - INFO -   Guardadas 100 velas. Rango: 2026-07-05 07:45 -> 2026-07-04 07:00 (desc)
2026-09-06 15:47:46,513 - INFO - Descargando batch 63/101 (after=2026-07-04 06:59) ...
2026-09-06 15:47:47,462 - INFO -   Guardadas 100 velas. Rango: 2026-07-04 06:45 -> 2026-07-03 06:00 (desc)
2026-09-06 15:47:47,766 - INFO - Descargando batch 64/101 (after=2026-07-03 05:59) ...
2026-09-06 15:47:48,676 - INFO -   Guardadas 100 velas. Rango: 2026-07-03 05:45 -> 2026-07-02 05:00 (desc)
2026-09-06 15:47:48,986 - INFO - Descargando batch 65/101 (after=2026-07-02 04:59) ...
2026-09-06 15:47:49,925 - INFO -   Guardadas 100 velas. Rango: 2026-07-02 04:45 -> 2026-07-01 04:00 (desc)
2026-09-06 15:47:50,241 - INFO - Descargando batch 66/101 (after=2026-07-01 03:59) ...
2026-09-06 15:47:51,216 - INFO -   Guardadas 100 velas. Rango: 2026-07-01 03:45 -> 2026-06-30 03:00 (desc)
2026-09-06 15:47:51,527 - INFO - Descargando batch 67/101 (after=2026-06-30 02:59) ...
2026-09-06 15:47:52,475 - INFO -   Guardadas 100 velas. Rango: 2026-06-30 02:45 -> 2026-06-29 02:00 (desc)
2026-09-06 15:47:52,776 - INFO - Descargando batch 68/101 (after=2026-06-29 01:59) ...
2026-09-06 15:47:53,699 - INFO -   Guardadas 100 velas. Rango: 2026-06-29 01:45 -> 2026-06-28 01:00 (desc)
2026-09-06 15:47:54,005 - INFO - Descargando batch 69/101 (after=2026-06-28 00:59) ...
2026-09-06 15:47:54,884 - INFO -   Guardadas 100 velas. Rango: 2026-06-28 00:45 -> 2026-06-27 00:00 (desc)
2026-09-06 15:47:55,196 - INFO - Descargando batch 70/101 (after=2026-06-26 23:59) ...
2026-09-06 15:47:56,086 - INFO -   Guardadas 100 velas. Rango: 2026-06-26 23:45 -> 2026-06-25 23:00 (desc)
2026-09-06 15:47:56,396 - INFO - Descargando batch 71/101 (after=2026-06-25 22:59) ...
2026-09-06 15:47:57,336 - INFO -   Guardadas 100 velas. Rango: 2026-06-25 22:45 -> 2026-06-24 22:00 (desc)
2026-09-06 15:47:57,641 - INFO - Descargando batch 72/101 (after=2026-06-24 21:59) ...
2026-09-06 15:47:58,526 - INFO -   Guardadas 100 velas. Rango: 2026-06-24 21:45 -> 2026-06-23 21:00 (desc)
2026-09-06 15:47:58,846 - INFO - Descargando batch 73/101 (after=2026-06-23 20:59) ...
2026-09-06 15:47:59,786 - INFO -   Guardadas 100 velas. Rango: 2026-06-23 20:45 -> 2026-06-22 20:00 (desc)
2026-09-06 15:48:00,101 - INFO - Descargando batch 74/101 (after=2026-06-22 19:59) ...
2026-09-06 15:48:00,978 - INFO -   Guardadas 100 velas. Rango: 2026-06-22 19:45 -> 2026-06-21 19:00 (desc)
2026-09-06 15:48:01,296 - INFO - Descargando batch 75/101 (after=2026-06-21 18:59) ...
2026-09-06 15:48:02,189 - INFO -   Guardadas 100 velas. Rango: 2026-06-21 18:45 -> 2026-06-20 18:00 (desc)
2026-09-06 15:48:02,491 - INFO - Descargando batch 76/101 (after=2026-06-20 17:59) ...
2026-09-06 15:48:03,370 - INFO -   Guardadas 100 velas. Rango: 2026-06-20 17:45 -> 2026-06-19 17:00 (desc)
2026-09-06 15:48:03,676 - INFO - Descargando batch 77/101 (after=2026-06-19 16:59) ...
2026-09-06 15:48:04,645 - INFO -   Guardadas 100 velas. Rango: 2026-06-19 16:45 -> 2026-06-18 16:00 (desc)
2026-09-06 15:48:04,946 - INFO - Descargando batch 78/101 (after=2026-06-18 15:59) ...
2026-09-06 15:48:05,825 - INFO -   Guardadas 100 velas. Rango: 2026-06-18 15:45 -> 2026-06-17 15:00 (desc)
2026-09-06 15:48:06,136 - INFO - Descargando batch 79/101 (after=2026-06-17 14:59) ...
2026-09-06 15:48:07,036 - INFO -   Guardadas 100 velas. Rango: 2026-06-17 14:45 -> 2026-06-16 14:00 (desc)
2026-09-06 15:48:07,356 - INFO - Descargando batch 80/101 (after=2026-06-16 13:59) ...
2026-09-06 15:48:08,647 - INFO -   Guardadas 100 velas. Rango: 2026-06-16 13:45 -> 2026-06-15 13:00 (desc)
2026-09-06 15:48:08,956 - INFO - Descargando batch 81/101 (after=2026-06-15 12:59) ...
2026-09-06 15:48:09,845 - INFO -   Guardadas 100 velas. Rango: 2026-06-15 12:45 -> 2026-06-14 12:00 (desc)
2026-09-06 15:48:10,162 - INFO - Descargando batch 82/101 (after=2026-06-14 11:59) ...
2026-09-06 15:48:11,461 - INFO -   Guardadas 100 velas. Rango: 2026-06-14 11:45 -> 2026-06-13 11:00 (desc)
2026-09-06 15:48:11,766 - INFO - Descargando batch 83/101 (after=2026-06-13 10:59) ...
2026-09-06 15:48:12,731 - INFO -   Guardadas 100 velas. Rango: 2026-06-13 10:45 -> 2026-06-12 10:00 (desc)
2026-09-06 15:48:13,041 - INFO - Descargando batch 84/101 (after=2026-06-12 09:59) ...
2026-09-06 15:48:13,905 - INFO -   Guardadas 100 velas. Rango: 2026-06-12 09:45 -> 2026-06-11 09:00 (desc)
2026-09-06 15:48:14,216 - INFO - Descargando batch 85/101 (after=2026-06-11 08:59) ...
2026-09-06 15:48:15,299 - INFO -   Guardadas 100 velas. Rango: 2026-06-11 08:45 -> 2026-06-10 08:00 (desc)
2026-09-06 15:48:15,611 - INFO - Descargando batch 86/101 (after=2026-06-10 07:59) ...
2026-09-06 15:48:16,555 - INFO -   Guardadas 100 velas. Rango: 2026-06-10 07:45 -> 2026-06-09 07:00 (desc)
2026-09-06 15:48:16,866 - INFO - Descargando batch 87/101 (after=2026-06-09 06:59) ...
2026-09-06 15:48:17,798 - INFO -   Guardadas 100 velas. Rango: 2026-06-09 06:45 -> 2026-06-08 06:00 (desc)
2026-09-06 15:48:18,116 - INFO - Descargando batch 88/101 (after=2026-06-08 05:59) ...
2026-09-06 15:48:19,035 - INFO -   Guardadas 100 velas. Rango: 2026-06-08 05:45 -> 2026-06-07 05:00 (desc)
2026-09-06 15:48:19,346 - INFO - Descargando batch 89/101 (after=2026-06-07 04:59) ...
2026-09-06 15:48:20,246 - INFO -   Guardadas 100 velas. Rango: 2026-06-07 04:45 -> 2026-06-06 04:00 (desc)
2026-09-06 15:48:20,556 - INFO - Descargando batch 90/101 (after=2026-06-06 03:59) ...
2026-09-06 15:48:21,440 - INFO -   Guardadas 100 velas. Rango: 2026-06-06 03:45 -> 2026-06-05 03:00 (desc)
2026-09-06 15:48:21,746 - INFO - Descargando batch 91/101 (after=2026-06-05 02:59) ...
2026-09-06 15:48:22,682 - INFO -   Guardadas 100 velas. Rango: 2026-06-05 02:45 -> 2026-06-04 02:00 (desc)
2026-09-06 15:48:22,995 - INFO - Descargando batch 92/101 (after=2026-06-04 01:59) ...
2026-09-06 15:48:24,038 - INFO -   Guardadas 100 velas. Rango: 2026-06-04 01:45 -> 2026-06-03 01:00 (desc)
2026-09-06 15:48:24,346 - INFO - Descargando batch 93/101 (after=2026-06-03 00:59) ...
2026-09-06 15:48:25,250 - INFO -   Guardadas 100 velas. Rango: 2026-06-03 00:45 -> 2026-06-02 00:00 (desc)
2026-09-06 15:48:25,566 - INFO - Descargando batch 94/101 (after=2026-06-01 23:59) ...
2026-09-06 15:48:26,517 - INFO -   Guardadas 100 velas. Rango: 2026-06-01 23:45 -> 2026-05-31 23:00 (desc)
2026-09-06 15:48:26,820 - INFO - Descargando batch 95/101 (after=2026-05-31 22:59) ...
2026-09-06 15:48:27,798 - INFO -   Guardadas 100 velas. Rango: 2026-05-31 22:45 -> 2026-05-30 22:00 (desc)
2026-09-06 15:48:28,106 - INFO - Descargando batch 96/101 (after=2026-05-30 21:59) ...
2026-09-06 15:48:29,078 - INFO -   Guardadas 100 velas. Rango: 2026-05-30 21:45 -> 2026-05-29 21:00 (desc)
2026-09-06 15:48:29,390 - INFO - Descargando batch 97/101 (after=2026-05-29 20:59) ...
2026-09-06 15:48:30,306 - INFO -   Guardadas 100 velas. Rango: 2026-05-29 20:45 -> 2026-05-28 20:00 (desc)
2026-09-06 15:48:30,307 - INFO - Se alcanz贸 el inicio del periodo deseado
2026-09-06 15:48:30,312 - INFO - Descarga completada para 15m: 9700 velas en 97 batches
2026-09-06 15:48:31,316 - INFO - ============================================================
2026-09-06 15:48:31,317 - INFO - DESCARGANDO 100 DIAS DE VELAS 1H
2026-09-06 15:48:31,318 - INFO - ============================================================
2026-09-06 15:48:31,319 - INFO - Descargando batch 1/29 (after=2026-09-06 20:48) ...
2026-09-06 15:48:32,295 - INFO -   Guardadas 100 velas. Rango: 2026-09-06 20:00 -> 2026-09-02 17:00 (desc)
2026-09-06 15:48:32,606 - INFO - Descargando batch 2/29 (after=2026-09-02 16:59) ...
2026-09-06 15:48:33,606 - INFO -   Guardadas 100 velas. Rango: 2026-09-02 16:00 -> 2026-08-29 13:00 (desc)
2026-09-06 15:48:33,918 - INFO - Descargando batch 3/29 (after=2026-08-29 12:59) ...
2026-09-06 15:48:34,837 - INFO -   Guardadas 100 velas. Rango: 2026-08-29 12:00 -> 2026-08-25 09:00 (desc)
2026-09-06 15:48:35,140 - INFO - Descargando batch 4/29 (after=2026-08-25 08:59) ...
2026-09-06 15:48:36,126 - INFO -   Guardadas 100 velas. Rango: 2026-08-25 08:00 -> 2026-08-21 05:00 (desc)
2026-09-06 15:48:36,441 - INFO - Descargando batch 5/29 (after=2026-08-21 04:59) ...
2026-09-06 15:48:37,398 - INFO -   Guardadas 100 velas. Rango: 2026-08-21 04:00 -> 2026-08-17 01:00 (desc)
2026-09-06 15:48:37,710 - INFO - Descargando batch 6/29 (after=2026-08-17 00:59) ...
2026-09-06 15:48:38,678 - INFO -   Guardadas 100 velas. Rango: 2026-08-17 00:00 -> 2026-08-12 21:00 (desc)
2026-09-06 15:48:38,986 - INFO - Descargando batch 7/29 (after=2026-08-12 20:59) ...
2026-09-06 15:48:39,959 - INFO -   Guardadas 100 velas. Rango: 2026-08-12 20:00 -> 2026-08-08 17:00 (desc)
2026-09-06 15:48:40,275 - INFO - Descargando batch 8/29 (after=2026-08-08 16:59) ...
2026-09-06 15:48:41,201 - INFO -   Guardadas 100 velas. Rango: 2026-08-08 16:00 -> 2026-08-04 13:00 (desc)
2026-09-06 15:48:41,510 - INFO - Descargando batch 9/29 (after=2026-08-04 12:59) ...
2026-09-06 15:48:42,439 - INFO -   Guardadas 100 velas. Rango: 2026-08-04 12:00 -> 2026-07-31 09:00 (desc)
2026-09-06 15:48:42,750 - INFO - Descargando batch 10/29 (after=2026-07-31 08:59) ...
2026-09-06 15:48:43,761 - INFO -   Guardadas 100 velas. Rango: 2026-07-31 08:00 -> 2026-07-27 05:00 (desc)
2026-09-06 15:48:44,075 - INFO - Descargando batch 11/29 (after=2026-07-27 04:59) ...
2026-09-06 15:48:44,998 - INFO -   Guardadas 100 velas. Rango: 2026-07-27 04:00 -> 2026-07-23 01:00 (desc)
2026-09-06 15:48:45,300 - INFO - Descargando batch 12/29 (after=2026-07-23 00:59) ...
2026-09-06 15:48:46,414 - INFO -   Guardadas 100 velas. Rango: 2026-07-23 00:00 -> 2026-07-18 21:00 (desc)
2026-09-06 15:48:46,716 - INFO - Descargando batch 13/29 (after=2026-07-18 20:59) ...
2026-09-06 15:48:47,711 - INFO -   Guardadas 100 velas. Rango: 2026-07-18 20:00 -> 2026-07-14 17:00 (desc)
2026-09-06 15:48:48,020 - INFO - Descargando batch 14/29 (after=2026-07-14 16:59) ...
2026-09-06 15:48:48,998 - INFO -   Guardadas 100 velas. Rango: 2026-07-14 16:00 -> 2026-07-10 13:00 (desc)
2026-09-06 15:48:49,306 - INFO - Descargando batch 15/29 (after=2026-07-10 12:59) ...
2026-09-06 15:48:50,519 - INFO -   Guardadas 100 velas. Rango: 2026-07-10 12:00 -> 2026-07-06 09:00 (desc)
2026-09-06 15:48:50,828 - INFO - Descargando batch 16/29 (after=2026-07-06 08:59) ...
2026-09-06 15:48:51,799 - INFO -   Guardadas 100 velas. Rango: 2026-07-06 08:00 -> 2026-07-02 05:00 (desc)
2026-09-06 15:48:52,111 - INFO - Descargando batch 17/29 (after=2026-07-02 04:59) ...
2026-09-06 15:48:53,077 - INFO -   Guardadas 100 velas. Rango: 2026-07-02 04:00 -> 2026-06-28 01:00 (desc)
2026-09-06 15:48:53,383 - INFO - Descargando batch 18/29 (after=2026-06-28 00:59) ...
2026-09-06 15:48:54,359 - INFO -   Guardadas 100 velas. Rango: 2026-06-28 00:00 -> 2026-06-23 21:00 (desc)
2026-09-06 15:48:54,670 - INFO - Descargando batch 19/29 (after=2026-06-23 20:59) ...
2026-09-06 15:48:55,611 - INFO -   Guardadas 100 velas. Rango: 2026-06-23 20:00 -> 2026-06-19 17:00 (desc)
2026-09-06 15:48:55,919 - INFO - Descargando batch 20/29 (after=2026-06-19 16:59) ...
2026-09-06 15:48:56,917 - INFO -   Guardadas 100 velas. Rango: 2026-06-19 16:00 -> 2026-06-15 13:00 (desc)
2026-09-06 15:48:57,221 - INFO - Descargando batch 21/29 (after=2026-06-15 12:59) ...
2026-09-06 15:48:58,125 - INFO -   Guardadas 100 velas. Rango: 2026-06-15 12:00 -> 2026-06-11 09:00 (desc)
2026-09-06 15:48:58,439 - INFO - Descargando batch 22/29 (after=2026-06-11 08:59) ...
2026-09-06 15:48:59,449 - INFO -   Guardadas 100 velas. Rango: 2026-06-11 08:00 -> 2026-06-07 05:00 (desc)
2026-09-06 15:48:59,757 - INFO - Descargando batch 23/29 (after=2026-06-07 04:59) ...
2026-09-06 15:49:00,727 - INFO -   Guardadas 100 velas. Rango: 2026-06-07 04:00 -> 2026-06-03 01:00 (desc)
2026-09-06 15:49:01,030 - INFO - Descargando batch 24/29 (after=2026-06-03 00:59) ...
2026-09-06 15:49:02,380 - INFO -   Guardadas 100 velas. Rango: 2026-06-03 00:00 -> 2026-05-29 21:00 (desc)
2026-09-06 15:49:02,689 - INFO - Descargando batch 25/29 (after=2026-05-29 20:59) ...
2026-09-06 15:49:03,597 - INFO -   Guardadas 100 velas. Rango: 2026-05-29 20:00 -> 2026-05-25 17:00 (desc)
2026-09-06 15:49:03,598 - INFO - Se alcanz贸 el inicio del periodo deseado
2026-09-06 15:49:03,602 - INFO - Descarga completada para 1H: 2500 velas en 25 batches
2026-09-06 15:49:04,614 - INFO - ============================================================
2026-09-06 15:49:04,615 - INFO - DESCARGANDO 100 DIAS DE VELAS 4H
2026-09-06 15:49:04,617 - INFO - ============================================================
2026-09-06 15:49:04,618 - INFO - Descargando batch 1/11 (after=2026-09-06 20:49) ...
2026-09-06 15:49:05,625 - INFO -   Guardadas 100 velas. Rango: 2026-09-06 20:00 -> 2026-08-21 08:00 (desc)
2026-09-06 15:49:05,927 - INFO - Descargando batch 2/11 (after=2026-08-21 07:59) ...
2026-09-06 15:49:06,839 - INFO -   Guardadas 100 velas. Rango: 2026-08-21 04:00 -> 2026-08-04 16:00 (desc)
2026-09-06 15:49:07,148 - INFO - Descargando batch 3/11 (after=2026-08-04 15:59) ...
2026-09-06 15:49:08,109 - INFO -   Guardadas 100 velas. Rango: 2026-08-04 12:00 -> 2026-07-19 00:00 (desc)
2026-09-06 15:49:08,417 - INFO - Descargando batch 4/11 (after=2026-07-18 23:59) ...
2026-09-06 15:49:09,317 - INFO -   Guardadas 100 velas. Rango: 2026-07-18 20:00 -> 2026-07-02 08:00 (desc)
2026-09-06 15:49:09,623 - INFO - Descargando batch 5/11 (after=2026-07-02 07:59) ...
2026-09-06 15:49:10,597 - INFO -   Guardadas 100 velas. Rango: 2026-07-02 04:00 -> 2026-06-15 16:00 (desc)
2026-09-06 15:49:10,909 - INFO - Descargando batch 6/11 (after=2026-06-15 15:59) ...
2026-09-06 15:49:11,986 - INFO -   Guardadas 100 velas. Rango: 2026-06-15 12:00 -> 2026-05-30 00:00 (desc)
2026-09-06 15:49:12,290 - INFO - Descargando batch 7/11 (after=2026-05-29 23:59) ...
2026-09-06 15:49:13,206 - INFO -   Guardadas 100 velas. Rango: 2026-05-29 20:00 -> 2026-05-13 08:00 (desc)
2026-09-06 15:49:13,207 - INFO - Se alcanz贸 el inicio del periodo deseado
2026-09-06 15:49:13,209 - INFO - Descarga completada para 4H: 700 velas en 7 batches
2026-09-06 15:49:14,380 - INFO - Conexi贸n a Supabase cerrada
2026-09-06 15:51:12,187 - INFO - Conexi贸n a Supabase establecida
2026-09-06 15:51:12,188 - INFO - ============================================================
2026-09-06 15:51:12,190 - INFO - DESCARGANDO 100 DIAS DE VELAS 15m
2026-09-06 15:51:12,191 - INFO - ============================================================
2026-09-06 15:51:12,193 - INFO - Descargando batch 1/101 (after=2026-09-06 20:51) ...
2026-09-06 15:51:13,557 - INFO -   Guardadas 100 velas. Rango: 2026-09-06 20:45 -> 2026-09-05 20:00 (desc)
2026-09-06 15:51:13,866 - INFO - Descargando batch 2/101 (after=2026-09-05 19:59) ...
2026-09-06 15:51:14,837 - INFO -   Guardadas 100 velas. Rango: 2026-09-05 19:45 -> 2026-09-04 19:00 (desc)
2026-09-06 15:51:15,156 - INFO - Descargando batch 3/101 (after=2026-09-04 18:59) ...
2026-09-06 15:51:16,078 - INFO -   Guardadas 100 velas. Rango: 2026-09-04 18:45 -> 2026-09-03 18:00 (desc)
2026-09-06 15:51:16,392 - INFO - Descargando batch 4/101 (after=2026-09-03 17:59) ...
2026-09-06 15:51:17,318 - INFO -   Guardadas 100 velas. Rango: 2026-09-03 17:45 -> 2026-09-02 17:00 (desc)
2026-09-06 15:51:17,626 - INFO - Descargando batch 5/101 (after=2026-09-02 16:59) ...
2026-09-06 15:51:18,596 - INFO -   Guardadas 100 velas. Rango: 2026-09-02 16:45 -> 2026-09-01 16:00 (desc)
2026-09-06 15:51:18,916 - INFO - Descargando batch 6/101 (after=2026-09-01 15:59) ...
2026-09-06 15:51:19,956 - INFO -   Guardadas 100 velas. Rango: 2026-09-01 15:45 -> 2026-08-31 15:00 (desc)
2026-09-06 15:51:20,276 - INFO - Descargando batch 7/101 (after=2026-08-31 14:59) ...
2026-09-06 15:51:21,236 - INFO -   Guardadas 100 velas. Rango: 2026-08-31 14:45 -> 2026-08-30 14:00 (desc)
2026-09-06 15:51:21,546 - INFO - Descargando batch 8/101 (after=2026-08-30 13:59) ...
2026-09-06 15:51:22,429 - INFO -   Guardadas 100 velas. Rango: 2026-08-30 13:45 -> 2026-08-29 13:00 (desc)
2026-09-06 15:51:22,746 - INFO - Descargando batch 9/101 (after=2026-08-29 12:59) ...
2026-09-06 15:51:23,766 - INFO -   Guardadas 100 velas. Rango: 2026-08-29 12:45 -> 2026-08-28 12:00 (desc)
2026-09-06 15:51:24,076 - INFO - Descargando batch 10/101 (after=2026-08-28 11:59) ...
2026-09-06 15:51:24,997 - INFO -   Guardadas 100 velas. Rango: 2026-08-28 11:45 -> 2026-08-27 11:00 (desc)
2026-09-06 15:51:25,301 - INFO - Descargando batch 11/101 (after=2026-08-27 10:59) ...
2026-09-06 15:51:26,197 - INFO -   Guardadas 100 velas. Rango: 2026-08-27 10:45 -> 2026-08-26 10:00 (desc)
2026-09-06 15:51:26,516 - INFO - Descargando batch 12/101 (after=2026-08-26 09:59) ...
2026-09-06 15:51:27,548 - INFO -   Guardadas 100 velas. Rango: 2026-08-26 09:45 -> 2026-08-25 09:00 (desc)
2026-09-06 15:51:27,856 - INFO - Descargando batch 13/101 (after=2026-08-25 08:59) ...
2026-09-06 15:51:28,836 - INFO -   Guardadas 100 velas. Rango: 2026-08-25 08:45 -> 2026-08-24 08:00 (desc)
2026-09-06 15:51:29,146 - INFO - Descargando batch 14/101 (after=2026-08-24 07:59) ...
2026-09-06 15:51:30,080 - INFO -   Guardadas 100 velas. Rango: 2026-08-24 07:45 -> 2026-08-23 07:00 (desc)
2026-09-06 15:51:30,386 - INFO - Descargando batch 15/101 (after=2026-08-23 06:59) ...
2026-09-06 15:51:31,443 - INFO -   Guardadas 100 velas. Rango: 2026-08-23 06:45 -> 2026-08-22 06:00 (desc)
2026-09-06 15:51:31,746 - INFO - Descargando batch 16/101 (after=2026-08-22 05:59) ...
2026-09-06 15:51:32,757 - INFO -   Guardadas 100 velas. Rango: 2026-08-22 05:45 -> 2026-08-21 05:00 (desc)
2026-09-06 15:51:33,066 - INFO - Descargando batch 17/101 (after=2026-08-21 04:59) ...
2026-09-06 15:51:33,987 - INFO -   Guardadas 100 velas. Rango: 2026-08-21 04:45 -> 2026-08-20 04:00 (desc)
2026-09-06 15:51:34,296 - INFO - Descargando batch 18/101 (after=2026-08-20 03:59) ...
2026-09-06 15:51:35,237 - INFO -   Guardadas 100 velas. Rango: 2026-08-20 03:45 -> 2026-08-19 03:00 (desc)
2026-09-06 15:51:35,556 - INFO - Descargando batch 19/101 (after=2026-08-19 02:59) ...
2026-09-06 15:51:36,638 - INFO -   Guardadas 100 velas. Rango: 2026-08-19 02:45 -> 2026-08-18 02:00 (desc)
2026-09-06 15:51:36,956 - INFO - Descargando batch 20/101 (after=2026-08-18 01:59) ...
2026-09-06 15:51:38,190 - INFO -   Guardadas 100 velas. Rango: 2026-08-18 01:45 -> 2026-08-17 01:00 (desc)
2026-09-06 15:51:38,495 - INFO - Descargando batch 21/101 (after=2026-08-17 00:59) ...
2026-09-06 15:51:39,479 - INFO -   Guardadas 100 velas. Rango: 2026-08-17 00:45 -> 2026-08-16 00:00 (desc)
2026-09-06 15:51:39,796 - INFO - Descargando batch 22/101 (after=2026-08-15 23:59) ...
2026-09-06 15:51:41,156 - INFO -   Guardadas 100 velas. Rango: 2026-08-15 23:45 -> 2026-08-14 23:00 (desc)
2026-09-06 15:51:41,466 - INFO - Descargando batch 23/101 (after=2026-08-14 22:59) ...
2026-09-06 15:51:42,677 - INFO -   Guardadas 100 velas. Rango: 2026-08-14 22:45 -> 2026-08-13 22:00 (desc)
2026-09-06 15:51:42,996 - INFO - Descargando batch 24/101 (after=2026-08-13 21:59) ...
2026-09-06 15:51:43,944 - INFO -   Guardadas 100 velas. Rango: 2026-08-13 21:45 -> 2026-08-12 21:00 (desc)
2026-09-06 15:51:44,248 - INFO - Descargando batch 25/101 (after=2026-08-12 20:59) ...
2026-09-06 15:51:45,156 - INFO -   Guardadas 100 velas. Rango: 2026-08-12 20:45 -> 2026-08-11 20:00 (desc)
2026-09-06 15:51:45,466 - INFO - Descargando batch 26/101 (after=2026-08-11 19:59) ...
2026-09-06 15:51:46,360 - INFO -   Guardadas 100 velas. Rango: 2026-08-11 19:45 -> 2026-08-10 19:00 (desc)
2026-09-06 15:51:46,676 - INFO - Descargando batch 27/101 (after=2026-08-10 18:59) ...
2026-09-06 15:51:47,796 - INFO -   Guardadas 100 velas. Rango: 2026-08-10 18:45 -> 2026-08-09 18:00 (desc)
2026-09-06 15:51:48,116 - INFO - Descargando batch 28/101 (after=2026-08-09 17:59) ...
2026-09-06 15:51:49,078 - INFO -   Guardadas 100 velas. Rango: 2026-08-09 17:45 -> 2026-08-08 17:00 (desc)
2026-09-06 15:51:49,396 - INFO - Descargando batch 29/101 (after=2026-08-08 16:59) ...
2026-09-06 15:51:50,364 - INFO -   Guardadas 100 velas. Rango: 2026-08-08 16:45 -> 2026-08-07 16:00 (desc)
2026-09-06 15:51:50,676 - INFO - Descargando batch 30/101 (after=2026-08-07 15:59) ...
2026-09-06 15:51:51,638 - INFO -   Guardadas 100 velas. Rango: 2026-08-07 15:45 -> 2026-08-06 15:00 (desc)
2026-09-06 15:51:51,943 - INFO - Descargando batch 31/101 (after=2026-08-06 14:59) ...
2026-09-06 15:51:52,924 - INFO -   Guardadas 100 velas. Rango: 2026-08-06 14:45 -> 2026-08-05 14:00 (desc)
2026-09-06 15:51:53,236 - INFO - Descargando batch 32/101 (after=2026-08-05 13:59) ...
2026-09-06 15:51:54,159 - INFO -   Guardadas 100 velas. Rango: 2026-08-05 13:45 -> 2026-08-04 13:00 (desc)
2026-09-06 15:51:54,461 - INFO - Descargando batch 33/101 (after=2026-08-04 12:59) ...
2026-09-06 15:51:55,396 - INFO -   Guardadas 100 velas. Rango: 2026-08-04 12:45 -> 2026-08-03 12:00 (desc)
2026-09-06 15:51:55,716 - INFO - Descargando batch 34/101 (after=2026-08-03 11:59) ...
2026-09-06 15:51:56,757 - INFO -   Guardadas 100 velas. Rango: 2026-08-03 11:45 -> 2026-08-02 11:00 (desc)
2026-09-06 15:51:57,066 - INFO - Descargando batch 35/101 (after=2026-08-02 10:59) ...
2026-09-06 15:51:58,357 - INFO -   Guardadas 100 velas. Rango: 2026-08-02 10:45 -> 2026-08-01 10:00 (desc)
2026-09-06 15:51:58,676 - INFO - Descargando batch 36/101 (after=2026-08-01 09:59) ...
2026-09-06 15:51:59,719 - INFO -   Guardadas 100 velas. Rango: 2026-08-01 09:45 -> 2026-07-31 09:00 (desc)
2026-09-06 15:52:00,031 - INFO - Descargando batch 37/101 (after=2026-07-31 08:59) ...
2026-09-06 15:52:01,047 - INFO -   Guardadas 100 velas. Rango: 2026-07-31 08:45 -> 2026-07-30 08:00 (desc)
2026-09-06 15:52:01,361 - INFO - Descargando batch 38/101 (after=2026-07-30 07:59) ...
2026-09-06 15:52:02,356 - INFO -   Guardadas 100 velas. Rango: 2026-07-30 07:45 -> 2026-07-29 07:00 (desc)
2026-09-06 15:52:02,736 - INFO - Descargando batch 39/101 (after=2026-07-29 06:59) ...
2026-09-06 15:52:03,680 - INFO -   Guardadas 100 velas. Rango: 2026-07-29 06:45 -> 2026-07-28 06:00 (desc)
2026-09-06 15:52:03,996 - INFO - Descargando batch 40/101 (after=2026-07-28 05:59) ...
2026-09-06 15:52:04,916 - INFO -   Guardadas 100 velas. Rango: 2026-07-28 05:45 -> 2026-07-27 05:00 (desc)
2026-09-06 15:52:05,226 - INFO - Descargando batch 41/101 (after=2026-07-27 04:59) ...
2026-09-06 15:52:06,436 - INFO -   Guardadas 100 velas. Rango: 2026-07-27 04:45 -> 2026-07-26 04:00 (desc)
2026-09-06 15:52:06,746 - INFO - Descargando batch 42/101 (after=2026-07-26 03:59) ...
2026-09-06 15:52:07,892 - INFO -   Guardadas 100 velas. Rango: 2026-07-26 03:45 -> 2026-07-25 03:00 (desc)
2026-09-06 15:52:08,206 - INFO - Descargando batch 43/101 (after=2026-07-25 02:59) ...
2026-09-06 15:52:09,208 - INFO -   Guardadas 100 velas. Rango: 2026-07-25 02:45 -> 2026-07-24 02:00 (desc)
2026-09-06 15:52:09,526 - INFO - Descargando batch 44/101 (after=2026-07-24 01:59) ...
2026-09-06 15:52:10,438 - INFO -   Guardadas 100 velas. Rango: 2026-07-24 01:45 -> 2026-07-23 01:00 (desc)
2026-09-06 15:52:10,756 - INFO - Descargando batch 45/101 (after=2026-07-23 00:59) ...
2026-09-06 15:52:11,738 - INFO -   Guardadas 100 velas. Rango: 2026-07-23 00:45 -> 2026-07-22 00:00 (desc)
2026-09-06 15:52:12,046 - INFO - Descargando batch 46/101 (after=2026-07-21 23:59) ...
2026-09-06 15:52:12,996 - INFO -   Guardadas 100 velas. Rango: 2026-07-21 23:45 -> 2026-07-20 23:00 (desc)
2026-09-06 15:52:13,306 - INFO - Descargando batch 47/101 (after=2026-07-20 22:59) ...
2026-09-06 15:52:14,238 - INFO -   Guardadas 100 velas. Rango: 2026-07-20 22:45 -> 2026-07-19 22:00 (desc)
2026-09-06 15:52:14,546 - INFO - Descargando batch 48/101 (after=2026-07-19 21:59) ...
2026-09-06 15:52:15,476 - INFO -   Guardadas 100 velas. Rango: 2026-07-19 21:45 -> 2026-07-18 21:00 (desc)
2026-09-06 15:52:15,782 - INFO - Descargando batch 49/101 (after=2026-07-18 20:59) ...
2026-09-06 15:52:16,916 - INFO -   Guardadas 100 velas. Rango: 2026-07-18 20:45 -> 2026-07-17 20:00 (desc)
2026-09-06 15:52:17,226 - INFO - Descargando batch 50/101 (after=2026-07-17 19:59) ...
2026-09-06 15:52:18,158 - INFO -   Guardadas 100 velas. Rango: 2026-07-17 19:45 -> 2026-07-16 19:00 (desc)
2026-09-06 15:52:18,476 - INFO - Descargando batch 51/101 (after=2026-07-16 18:59) ...
2026-09-06 15:52:19,476 - INFO -   Guardadas 100 velas. Rango: 2026-07-16 18:45 -> 2026-07-15 18:00 (desc)
2026-09-06 15:52:19,796 - INFO - Descargando batch 52/101 (after=2026-07-15 17:59) ...
2026-09-06 15:52:20,675 - INFO -   Guardadas 100 velas. Rango: 2026-07-15 17:45 -> 2026-07-14 17:00 (desc)
2026-09-06 15:52:20,986 - INFO - Descargando batch 53/101 (after=2026-07-14 16:59) ...
2026-09-06 15:52:22,036 - INFO -   Guardadas 100 velas. Rango: 2026-07-14 16:45 -> 2026-07-13 16:00 (desc)
2026-09-06 15:52:22,346 - INFO - Descargando batch 54/101 (after=2026-07-13 15:59) ...
2026-09-06 15:52:23,316 - INFO -   Guardadas 100 velas. Rango: 2026-07-13 15:45 -> 2026-07-12 15:00 (desc)
2026-09-06 15:52:23,626 - INFO - Descargando batch 55/101 (after=2026-07-12 14:59) ...
2026-09-06 15:52:24,508 - INFO -   Guardadas 100 velas. Rango: 2026-07-12 14:45 -> 2026-07-11 14:00 (desc)
2026-09-06 15:52:24,823 - INFO - Descargando batch 56/101 (after=2026-07-11 13:59) ...
2026-09-06 15:52:25,748 - INFO -   Guardadas 100 velas. Rango: 2026-07-11 13:45 -> 2026-07-10 13:00 (desc)
2026-09-06 15:52:26,055 - INFO - Descargando batch 57/101 (after=2026-07-10 12:59) ...
2026-09-06 15:52:26,960 - INFO -   Guardadas 100 velas. Rango: 2026-07-10 12:45 -> 2026-07-09 12:00 (desc)
2026-09-06 15:52:27,276 - INFO - Descargando batch 58/101 (after=2026-07-09 11:59) ...
2026-09-06 15:52:28,365 - INFO -   Guardadas 100 velas. Rango: 2026-07-09 11:45 -> 2026-07-08 11:00 (desc)
2026-09-06 15:52:28,676 - INFO - Descargando batch 59/101 (after=2026-07-08 10:59) ...
2026-09-06 15:52:29,636 - INFO -   Guardadas 100 velas. Rango: 2026-07-08 10:45 -> 2026-07-07 10:00 (desc)
2026-09-06 15:52:29,956 - INFO - Descargando batch 60/101 (after=2026-07-07 09:59) ...
2026-09-06 15:52:30,918 - INFO -   Guardadas 100 velas. Rango: 2026-07-07 09:45 -> 2026-07-06 09:00 (desc)
2026-09-06 15:52:31,226 - INFO - Descargando batch 61/101 (after=2026-07-06 08:59) ...
2026-09-06 15:52:32,228 - INFO -   Guardadas 100 velas. Rango: 2026-07-06 08:45 -> 2026-07-05 08:00 (desc)
2026-09-06 15:52:32,546 - INFO - Descargando batch 62/101 (after=2026-07-05 07:59) ...
2026-09-06 15:52:33,438 - INFO -   Guardadas 100 velas. Rango: 2026-07-05 07:45 -> 2026-07-04 07:00 (desc)
2026-09-06 15:52:33,746 - INFO - Descargando batch 63/101 (after=2026-07-04 06:59) ...
2026-09-06 15:52:34,629 - INFO -   Guardadas 100 velas. Rango: 2026-07-04 06:45 -> 2026-07-03 06:00 (desc)
2026-09-06 15:52:34,946 - INFO - Descargando batch 64/101 (after=2026-07-03 05:59) ...
2026-09-06 15:52:35,876 - INFO -   Guardadas 100 velas. Rango: 2026-07-03 05:45 -> 2026-07-02 05:00 (desc)
2026-09-06 15:52:36,186 - INFO - Descargando batch 65/101 (after=2026-07-02 04:59) ...
2026-09-06 15:52:37,315 - INFO -   Guardadas 100 velas. Rango: 2026-07-02 04:45 -> 2026-07-01 04:00 (desc)
2026-09-06 15:52:37,636 - INFO - Descargando batch 66/101 (after=2026-07-01 03:59) ...
2026-09-06 15:52:38,528 - INFO -   Guardadas 100 velas. Rango: 2026-07-01 03:45 -> 2026-06-30 03:00 (desc)
2026-09-06 15:52:38,844 - INFO - Descargando batch 67/101 (after=2026-06-30 02:59) ...
2026-09-06 15:52:39,796 - INFO -   Guardadas 100 velas. Rango: 2026-06-30 02:45 -> 2026-06-29 02:00 (desc)
2026-09-06 15:52:40,116 - INFO - Descargando batch 68/101 (after=2026-06-29 01:59) ...
2026-09-06 15:52:41,236 - INFO -   Guardadas 100 velas. Rango: 2026-06-29 01:45 -> 2026-06-28 01:00 (desc)
2026-09-06 15:52:41,556 - INFO - Descargando batch 69/101 (after=2026-06-28 00:59) ...
2026-09-06 15:52:42,449 - INFO -   Guardadas 100 velas. Rango: 2026-06-28 00:45 -> 2026-06-27 00:00 (desc)
2026-09-06 15:52:42,756 - INFO - Descargando batch 70/101 (after=2026-06-26 23:59) ...
2026-09-06 15:52:43,628 - INFO -   Guardadas 100 velas. Rango: 2026-06-26 23:45 -> 2026-06-25 23:00 (desc)
2026-09-06 15:52:43,936 - INFO - Descargando batch 71/101 (after=2026-06-25 22:59) ...
2026-09-06 15:52:45,018 - INFO -   Guardadas 100 velas. Rango: 2026-06-25 22:45 -> 2026-06-24 22:00 (desc)
2026-09-06 15:52:45,331 - INFO - Descargando batch 72/101 (after=2026-06-24 21:59) ...
2026-09-06 15:52:46,322 - INFO -   Guardadas 100 velas. Rango: 2026-06-24 21:45 -> 2026-06-23 21:00 (desc)
2026-09-06 15:52:46,636 - INFO - Descargando batch 73/101 (after=2026-06-23 20:59) ...
2026-09-06 15:52:47,799 - INFO -   Guardadas 100 velas. Rango: 2026-06-23 20:45 -> 2026-06-22 20:00 (desc)
2026-09-06 15:52:48,106 - INFO - Descargando batch 74/101 (after=2026-06-22 19:59) ...
2026-09-06 15:52:49,075 - INFO -   Guardadas 100 velas. Rango: 2026-06-22 19:45 -> 2026-06-21 19:00 (desc)
2026-09-06 15:52:49,396 - INFO - Descargando batch 75/101 (after=2026-06-21 18:59) ...
2026-09-06 15:52:50,516 - INFO -   Guardadas 100 velas. Rango: 2026-06-21 18:45 -> 2026-06-20 18:00 (desc)
2026-09-06 15:52:50,836 - INFO - Descargando batch 76/101 (after=2026-06-20 17:59) ...
2026-09-06 15:52:51,796 - INFO -   Guardadas 100 velas. Rango: 2026-06-20 17:45 -> 2026-06-19 17:00 (desc)
2026-09-06 15:52:52,113 - INFO - Descargando batch 77/101 (after=2026-06-19 16:59) ...
2026-09-06 15:52:53,041 - INFO -   Guardadas 100 velas. Rango: 2026-06-19 16:45 -> 2026-06-18 16:00 (desc)
2026-09-06 15:52:53,359 - INFO - Descargando batch 78/101 (after=2026-06-18 15:59) ...
2026-09-06 15:52:54,288 - INFO -   Guardadas 100 velas. Rango: 2026-06-18 15:45 -> 2026-06-17 15:00 (desc)
2026-09-06 15:52:54,596 - INFO - Descargando batch 79/101 (after=2026-06-17 14:59) ...
2026-09-06 15:52:55,459 - INFO -   Guardadas 100 velas. Rango: 2026-06-17 14:45 -> 2026-06-16 14:00 (desc)
2026-09-06 15:52:55,766 - INFO - Descargando batch 80/101 (after=2026-06-16 13:59) ...
2026-09-06 15:52:56,915 - INFO -   Guardadas 100 velas. Rango: 2026-06-16 13:45 -> 2026-06-15 13:00 (desc)
2026-09-06 15:52:57,226 - INFO - Descargando batch 81/101 (after=2026-06-15 12:59) ...
2026-09-06 15:52:58,197 - INFO -   Guardadas 100 velas. Rango: 2026-06-15 12:45 -> 2026-06-14 12:00 (desc)
2026-09-06 15:52:58,506 - INFO - Descargando batch 82/101 (after=2026-06-14 11:59) ...
2026-09-06 15:52:59,475 - INFO -   Guardadas 100 velas. Rango: 2026-06-14 11:45 -> 2026-06-13 11:00 (desc)
2026-09-06 15:52:59,796 - INFO - Descargando batch 83/101 (after=2026-06-13 10:59) ...
2026-09-06 15:53:00,764 - INFO -   Guardadas 100 velas. Rango: 2026-06-13 10:45 -> 2026-06-12 10:00 (desc)
2026-09-06 15:53:01,076 - INFO - Descargando batch 84/101 (after=2026-06-12 09:59) ...
2026-09-06 15:53:02,115 - INFO -   Guardadas 100 velas. Rango: 2026-06-12 09:45 -> 2026-06-11 09:00 (desc)
2026-09-06 15:53:02,425 - INFO - Descargando batch 85/101 (after=2026-06-11 08:59) ...
2026-09-06 15:53:03,403 - INFO -   Guardadas 100 velas. Rango: 2026-06-11 08:45 -> 2026-06-10 08:00 (desc)
2026-09-06 15:53:03,706 - INFO - Descargando batch 86/101 (after=2026-06-10 07:59) ...
2026-09-06 15:53:04,886 - INFO -   Guardadas 100 velas. Rango: 2026-06-10 07:45 -> 2026-06-09 07:00 (desc)
2026-09-06 15:53:05,190 - INFO - Descargando batch 87/101 (after=2026-06-09 06:59) ...
2026-09-06 15:53:06,196 - INFO -   Guardadas 100 velas. Rango: 2026-06-09 06:45 -> 2026-06-08 06:00 (desc)
2026-09-06 15:53:06,516 - INFO - Descargando batch 88/101 (after=2026-06-08 05:59) ...
2026-09-06 15:53:07,475 - INFO -   Guardadas 100 velas. Rango: 2026-06-08 05:45 -> 2026-06-07 05:00 (desc)
2026-09-06 15:53:07,796 - INFO - Descargando batch 89/101 (after=2026-06-07 04:59) ...
2026-09-06 15:53:08,756 - INFO -   Guardadas 100 velas. Rango: 2026-06-07 04:45 -> 2026-06-06 04:00 (desc)
2026-09-06 15:53:09,076 - INFO - Descargando batch 90/101 (after=2026-06-06 03:59) ...
2026-09-06 15:53:10,044 - INFO -   Guardadas 100 velas. Rango: 2026-06-06 03:45 -> 2026-06-05 03:00 (desc)
2026-09-06 15:53:10,346 - INFO - Descargando batch 91/101 (after=2026-06-05 02:59) ...
2026-09-06 15:53:11,316 - INFO -   Guardadas 100 velas. Rango: 2026-06-05 02:45 -> 2026-06-04 02:00 (desc)
2026-09-06 15:53:11,626 - INFO - Descargando batch 92/101 (after=2026-06-04 01:59) ...
2026-09-06 15:53:12,596 - INFO -   Guardadas 100 velas. Rango: 2026-06-04 01:45 -> 2026-06-03 01:00 (desc)
2026-09-06 15:53:12,907 - INFO - Descargando batch 93/101 (after=2026-06-03 00:59) ...
2026-09-06 15:53:13,876 - INFO -   Guardadas 100 velas. Rango: 2026-06-03 00:45 -> 2026-06-02 00:00 (desc)
2026-09-06 15:53:14,195 - INFO - Descargando batch 94/101 (after=2026-06-01 23:59) ...
2026-09-06 15:53:15,078 - INFO -   Guardadas 100 velas. Rango: 2026-06-01 23:45 -> 2026-05-31 23:00 (desc)
2026-09-06 15:53:15,392 - INFO - Descargando batch 95/101 (after=2026-05-31 22:59) ...
2026-09-06 15:53:16,355 - INFO -   Guardadas 100 velas. Rango: 2026-05-31 22:45 -> 2026-05-30 22:00 (desc)
2026-09-06 15:53:16,669 - INFO - Descargando batch 96/101 (after=2026-05-30 21:59) ...
2026-09-06 15:53:17,716 - INFO -   Guardadas 100 velas. Rango: 2026-05-30 21:45 -> 2026-05-29 21:00 (desc)
2026-09-06 15:53:18,019 - INFO - Descargando batch 97/101 (after=2026-05-29 20:59) ...
2026-09-06 15:53:18,925 - INFO -   Guardadas 100 velas. Rango: 2026-05-29 20:45 -> 2026-05-28 20:00 (desc)
2026-09-06 15:53:18,925 - INFO - Se alcanz贸 el inicio del periodo deseado
2026-09-06 15:53:18,931 - INFO - Descarga completada para 15m: 9700 velas en 97 batches
2026-09-06 15:53:19,939 - INFO - ============================================================
2026-09-06 15:53:19,940 - INFO - DESCARGANDO 100 DIAS DE VELAS 1H
2026-09-06 15:53:19,940 - INFO - ============================================================
2026-09-06 15:53:19,941 - INFO - Descargando batch 1/29 (after=2026-09-06 20:53) ...
2026-09-06 15:53:21,241 - INFO -   Guardadas 100 velas. Rango: 2026-09-06 20:00 -> 2026-09-02 17:00 (desc)
2026-09-06 15:53:21,546 - INFO - Descargando batch 2/29 (after=2026-09-02 16:59) ...
2026-09-06 15:53:22,515 - INFO -   Guardadas 100 velas. Rango: 2026-09-02 16:00 -> 2026-08-29 13:00 (desc)
2026-09-06 15:53:22,823 - INFO - Descargando batch 3/29 (after=2026-08-29 12:59) ...
2026-09-06 15:53:23,735 - INFO -   Guardadas 100 velas. Rango: 2026-08-29 12:00 -> 2026-08-25 09:00 (desc)
2026-09-06 15:53:24,039 - INFO - Descargando batch 4/29 (after=2026-08-25 08:59) ...
2026-09-06 15:53:25,084 - INFO -   Guardadas 100 velas. Rango: 2026-08-25 08:00 -> 2026-08-21 05:00 (desc)
2026-09-06 15:53:25,389 - INFO - Descargando batch 5/29 (after=2026-08-21 04:59) ...
2026-09-06 15:53:26,309 - INFO -   Guardadas 100 velas. Rango: 2026-08-21 04:00 -> 2026-08-17 01:00 (desc)
2026-09-06 15:53:26,623 - INFO - Descargando batch 6/29 (after=2026-08-17 00:59) ...
2026-09-06 15:53:27,555 - INFO -   Guardadas 100 velas. Rango: 2026-08-17 00:00 -> 2026-08-12 21:00 (desc)
2026-09-06 15:53:27,864 - INFO - Descargando batch 7/29 (after=2026-08-12 20:59) ...
2026-09-06 15:53:28,916 - INFO -   Guardadas 100 velas. Rango: 2026-08-12 20:00 -> 2026-08-08 17:00 (desc)
2026-09-06 15:53:29,223 - INFO - Descargando batch 8/29 (after=2026-08-08 16:59) ...
2026-09-06 15:53:30,139 - INFO -   Guardadas 100 velas. Rango: 2026-08-08 16:00 -> 2026-08-04 13:00 (desc)
2026-09-06 15:53:30,453 - INFO - Descargando batch 9/29 (after=2026-08-04 12:59) ...
2026-09-06 15:53:31,407 - INFO -   Guardadas 100 velas. Rango: 2026-08-04 12:00 -> 2026-07-31 09:00 (desc)
2026-09-06 15:53:31,710 - INFO - Descargando batch 10/29 (after=2026-07-31 08:59) ...
2026-09-06 15:53:32,755 - INFO -   Guardadas 100 velas. Rango: 2026-07-31 08:00 -> 2026-07-27 05:00 (desc)
2026-09-06 15:53:33,060 - INFO - Descargando batch 11/29 (after=2026-07-27 04:59) ...
2026-09-06 15:53:34,036 - INFO -   Guardadas 100 velas. Rango: 2026-07-27 04:00 -> 2026-07-23 01:00 (desc)
2026-09-06 15:53:34,345 - INFO - Descargando batch 12/29 (after=2026-07-23 00:59) ...
2026-09-06 15:53:35,287 - INFO -   Guardadas 100 velas. Rango: 2026-07-23 00:00 -> 2026-07-18 21:00 (desc)
2026-09-06 15:53:35,596 - INFO - Descargando batch 13/29 (after=2026-07-18 20:59) ...
2026-09-06 15:53:36,515 - INFO -   Guardadas 100 velas. Rango: 2026-07-18 20:00 -> 2026-07-14 17:00 (desc)
2026-09-06 15:53:36,825 - INFO - Descargando batch 14/29 (after=2026-07-14 16:59) ...
2026-09-06 15:53:37,875 - INFO -   Guardadas 100 velas. Rango: 2026-07-14 16:00 -> 2026-07-10 13:00 (desc)
2026-09-06 15:53:38,181 - INFO - Descargando batch 15/29 (after=2026-07-10 12:59) ...
2026-09-06 15:53:39,156 - INFO -   Guardadas 100 velas. Rango: 2026-07-10 12:00 -> 2026-07-06 09:00 (desc)
2026-09-06 15:53:39,466 - INFO - Descargando batch 16/29 (after=2026-07-06 08:59) ...
2026-09-06 15:53:40,453 - INFO -   Guardadas 100 velas. Rango: 2026-07-06 08:00 -> 2026-07-02 05:00 (desc)
2026-09-06 15:53:40,760 - INFO - Descargando batch 17/29 (after=2026-07-02 04:59) ...
2026-09-06 15:53:41,678 - INFO -   Guardadas 100 velas. Rango: 2026-07-02 04:00 -> 2026-06-28 01:00 (desc)
2026-09-06 15:53:41,987 - INFO - Descargando batch 18/29 (after=2026-06-28 00:59) ...
2026-09-06 15:53:43,011 - INFO -   Guardadas 100 velas. Rango: 2026-06-28 00:00 -> 2026-06-23 21:00 (desc)
2026-09-06 15:53:43,314 - INFO - Descargando batch 19/29 (after=2026-06-23 20:59) ...
2026-09-06 15:53:44,275 - INFO -   Guardadas 100 velas. Rango: 2026-06-23 20:00 -> 2026-06-19 17:00 (desc)
2026-09-06 15:53:44,590 - INFO - Descargando batch 20/29 (after=2026-06-19 16:59) ...
2026-09-06 15:53:45,497 - INFO -   Guardadas 100 velas. Rango: 2026-06-19 16:00 -> 2026-06-15 13:00 (desc)
2026-09-06 15:53:45,810 - INFO - Descargando batch 21/29 (after=2026-06-15 12:59) ...
2026-09-06 15:53:46,906 - INFO -   Guardadas 100 velas. Rango: 2026-06-15 12:00 -> 2026-06-11 09:00 (desc)
2026-09-06 15:53:47,213 - INFO - Descargando batch 22/29 (after=2026-06-11 08:59) ...
2026-09-06 15:53:48,195 - INFO -   Guardadas 100 velas. Rango: 2026-06-11 08:00 -> 2026-06-07 05:00 (desc)
2026-09-06 15:53:48,503 - INFO - Descargando batch 23/29 (after=2026-06-07 04:59) ...
2026-09-06 15:53:49,717 - INFO -   Guardadas 100 velas. Rango: 2026-06-07 04:00 -> 2026-06-03 01:00 (desc)
2026-09-06 15:53:50,030 - INFO - Descargando batch 24/29 (after=2026-06-03 00:59) ...
2026-09-06 15:53:51,003 - INFO -   Guardadas 100 velas. Rango: 2026-06-03 00:00 -> 2026-05-29 21:00 (desc)
2026-09-06 15:53:51,306 - INFO - Descargando batch 25/29 (after=2026-05-29 20:59) ...
2026-09-06 15:53:52,238 - INFO -   Guardadas 100 velas. Rango: 2026-05-29 20:00 -> 2026-05-25 17:00 (desc)
2026-09-06 15:53:52,238 - INFO - Se alcanz贸 el inicio del periodo deseado
2026-09-06 15:53:52,242 - INFO - Descarga completada para 1H: 2500 velas en 25 batches
2026-09-06 15:53:53,256 - INFO - ============================================================
2026-09-06 15:53:53,256 - INFO - DESCARGANDO 100 DIAS DE VELAS 4H
2026-09-06 15:53:53,259 - INFO - ============================================================
2026-09-06 15:53:53,259 - INFO - Descargando batch 1/11 (after=2026-09-06 20:53) ...
2026-09-06 15:53:54,516 - INFO -   Guardadas 100 velas. Rango: 2026-09-06 20:00 -> 2026-08-21 08:00 (desc)
2026-09-06 15:53:54,836 - INFO - Descargando batch 2/11 (after=2026-08-21 07:59) ...
2026-09-06 15:53:55,727 - INFO -   Guardadas 100 velas. Rango: 2026-08-21 04:00 -> 2026-08-04 16:00 (desc)
2026-09-06 15:53:56,034 - INFO - Descargando batch 3/11 (after=2026-08-04 15:59) ...
2026-09-06 15:53:56,995 - INFO -   Guardadas 100 velas. Rango: 2026-08-04 12:00 -> 2026-07-19 00:00 (desc)
2026-09-06 15:53:57,302 - INFO - Descargando batch 4/11 (after=2026-07-18 23:59) ...
2026-09-06 15:53:58,237 - INFO -   Guardadas 100 velas. Rango: 2026-07-18 20:00 -> 2026-07-02 08:00 (desc)
2026-09-06 15:53:58,541 - INFO - Descargando batch 5/11 (after=2026-07-02 07:59) ...
2026-09-06 15:53:59,484 - INFO -   Guardadas 100 velas. Rango: 2026-07-02 04:00 -> 2026-06-15 16:00 (desc)
2026-09-06 15:53:59,795 - INFO - Descargando batch 6/11 (after=2026-06-15 15:59) ...
2026-09-06 15:54:00,915 - INFO -   Guardadas 100 velas. Rango: 2026-06-15 12:00 -> 2026-05-30 00:00 (desc)
2026-09-06 15:54:01,228 - INFO - Descargando batch 7/11 (after=2026-05-29 23:59) ...
2026-09-06 15:54:02,196 - INFO -   Guardadas 100 velas. Rango: 2026-05-29 20:00 -> 2026-05-13 08:00 (desc)
2026-09-06 15:54:02,197 - INFO - Se alcanz贸 el inicio del periodo deseado
2026-09-06 15:54:02,201 - INFO - Descarga completada para 4H: 700 velas en 7 batches
2026-09-06 15:54:03,389 - INFO - Conexi贸n a Supabase cerrada
2026-09-06 18:22:37,388 - INFO - Conexi贸n a Supabase establecida
2026-09-06 18:22:37,389 - INFO - ============================================================
2026-09-06 18:22:37,391 - INFO - DESCARGANDO 200 DIAS DE VELAS 15m
2026-09-06 18:22:37,392 - INFO - ============================================================
2026-09-06 18:22:37,393 - INFO - Descargando batch 1/197 (after=2026-09-06 23:22) ...
2026-09-06 18:22:39,065 - INFO -   Guardadas 100 velas. Rango: 2026-09-06 23:15 -> 2026-09-05 22:30 (desc)
2026-09-06 18:22:39,368 - INFO - Descargando batch 2/197 (after=2026-09-05 22:29) ...
2026-09-06 18:22:40,312 - INFO -   Guardadas 100 velas. Rango: 2026-09-05 22:15 -> 2026-09-04 21:30 (desc)
2026-09-06 18:22:40,626 - INFO - Descargando batch 3/197 (after=2026-09-04 21:29) ...
2026-09-06 18:22:41,551 - INFO -   Guardadas 100 velas. Rango: 2026-09-04 21:15 -> 2026-09-03 20:30 (desc)
2026-09-06 18:22:41,855 - INFO - Descargando batch 4/197 (after=2026-09-03 20:29) ...
2026-09-06 18:22:42,825 - INFO -   Guardadas 100 velas. Rango: 2026-09-03 20:15 -> 2026-09-02 19:30 (desc)
2026-09-06 18:22:43,130 - INFO - Descargando batch 5/197 (after=2026-09-02 19:29) ...
2026-09-06 18:22:44,123 - INFO -   Guardadas 100 velas. Rango: 2026-09-02 19:15 -> 2026-09-01 18:30 (desc)
2026-09-06 18:22:44,425 - INFO - Descargando batch 6/197 (after=2026-09-01 18:29) ...
2026-09-06 18:22:45,361 - INFO -   Guardadas 100 velas. Rango: 2026-09-01 18:15 -> 2026-08-31 17:30 (desc)
2026-09-06 18:22:45,672 - INFO - Descargando batch 7/197 (after=2026-08-31 17:29) ...
2026-09-06 18:22:46,667 - INFO -   Guardadas 100 velas. Rango: 2026-08-31 17:15 -> 2026-08-30 16:30 (desc)
2026-09-06 18:22:46,980 - INFO - Descargando batch 8/197 (after=2026-08-30 16:29) ...
2026-09-06 18:22:47,930 - INFO -   Guardadas 100 velas. Rango: 2026-08-30 16:15 -> 2026-08-29 15:30 (desc)
2026-09-06 18:22:48,238 - INFO - Descargando batch 9/197 (after=2026-08-29 15:29) ...
2026-09-06 18:22:49,111 - INFO -   Guardadas 100 velas. Rango: 2026-08-29 15:15 -> 2026-08-28 14:30 (desc)
2026-09-06 18:22:49,419 - INFO - Descargando batch 10/197 (after=2026-08-28 14:29) ...
2026-09-06 18:22:50,721 - INFO -   Guardadas 100 velas. Rango: 2026-08-28 14:15 -> 2026-08-27 13:30 (desc)
2026-09-06 18:22:51,024 - INFO - Descargando batch 11/197 (after=2026-08-27 13:29) ...
2026-09-06 18:22:51,996 - INFO -   Guardadas 100 velas. Rango: 2026-08-27 13:15 -> 2026-08-26 12:30 (desc)
2026-09-06 18:22:52,297 - INFO - Descargando batch 12/197 (after=2026-08-26 12:29) ...
2026-09-06 18:22:53,588 - INFO -   Guardadas 100 velas. Rango: 2026-08-26 12:15 -> 2026-08-25 11:30 (desc)
2026-09-06 18:22:53,902 - INFO - Descargando batch 13/197 (after=2026-08-25 11:29) ...
2026-09-06 18:22:55,017 - INFO -   Guardadas 100 velas. Rango: 2026-08-25 11:15 -> 2026-08-24 10:30 (desc)
2026-09-06 18:22:55,318 - INFO - Descargando batch 14/197 (after=2026-08-24 10:29) ...
2026-09-06 18:22:56,212 - INFO -   Guardadas 100 velas. Rango: 2026-08-24 10:15 -> 2026-08-23 09:30 (desc)
2026-09-06 18:22:56,519 - INFO - Descargando batch 15/197 (after=2026-08-23 09:29) ...
2026-09-06 18:22:57,496 - INFO -   Guardadas 100 velas. Rango: 2026-08-23 09:15 -> 2026-08-22 08:30 (desc)
2026-09-06 18:22:57,809 - INFO - Descargando batch 16/197 (after=2026-08-22 08:29) ...
2026-09-06 18:22:58,775 - INFO -   Guardadas 100 velas. Rango: 2026-08-22 08:15 -> 2026-08-21 07:30 (desc)
2026-09-06 18:22:59,085 - INFO - Descargando batch 17/197 (after=2026-08-21 07:29) ...
2026-09-06 18:23:00,035 - INFO -   Guardadas 100 velas. Rango: 2026-08-21 07:15 -> 2026-08-20 06:30 (desc)
2026-09-06 18:23:00,340 - INFO - Descargando batch 18/197 (after=2026-08-20 06:29) ...
2026-09-06 18:23:01,313 - INFO -   Guardadas 100 velas. Rango: 2026-08-20 06:15 -> 2026-08-19 05:30 (desc)
2026-09-06 18:23:01,615 - INFO - Descargando batch 19/197 (after=2026-08-19 05:29) ...
2026-09-06 18:23:02,535 - INFO -   Guardadas 100 velas. Rango: 2026-08-19 05:15 -> 2026-08-18 04:30 (desc)
2026-09-06 18:23:02,845 - INFO - Descargando batch 20/197 (after=2026-08-18 04:29) ...
2026-09-06 18:23:03,743 - INFO -   Guardadas 100 velas. Rango: 2026-08-18 04:15 -> 2026-08-17 03:30 (desc)
2026-09-06 18:23:04,055 - INFO - Descargando batch 21/197 (after=2026-08-17 03:29) ...
2026-09-06 18:23:04,913 - INFO -   Guardadas 100 velas. Rango: 2026-08-17 03:15 -> 2026-08-16 02:30 (desc)
2026-09-06 18:23:05,219 - INFO - Descargando batch 22/197 (after=2026-08-16 02:29) ...
2026-09-06 18:23:06,160 - INFO -   Guardadas 100 velas. Rango: 2026-08-16 02:15 -> 2026-08-15 01:30 (desc)
2026-09-06 18:23:06,464 - INFO - Descargando batch 23/197 (after=2026-08-15 01:29) ...
2026-09-06 18:23:07,362 - INFO -   Guardadas 100 velas. Rango: 2026-08-15 01:15 -> 2026-08-14 00:30 (desc)
2026-09-06 18:23:07,677 - INFO - Descargando batch 24/197 (after=2026-08-14 00:29) ...
2026-09-06 18:23:08,662 - INFO -   Guardadas 100 velas. Rango: 2026-08-14 00:15 -> 2026-08-12 23:30 (desc)
2026-09-06 18:23:08,967 - INFO - Descargando batch 25/197 (after=2026-08-12 23:29) ...
2026-09-06 18:23:09,894 - INFO -   Guardadas 100 velas. Rango: 2026-08-12 23:15 -> 2026-08-11 22:30 (desc)
2026-09-06 18:23:10,210 - INFO - Descargando batch 26/197 (after=2026-08-11 22:29) ...
2026-09-06 18:23:11,334 - INFO -   Guardadas 100 velas. Rango: 2026-08-11 22:15 -> 2026-08-10 21:30 (desc)
2026-09-06 18:23:11,636 - INFO - Descargando batch 27/197 (after=2026-08-10 21:29) ...
2026-09-06 18:23:12,536 - INFO -   Guardadas 100 velas. Rango: 2026-08-10 21:15 -> 2026-08-09 20:30 (desc)
2026-09-06 18:23:12,845 - INFO - Descargando batch 28/197 (after=2026-08-09 20:29) ...
2026-09-06 18:23:13,814 - INFO -   Guardadas 100 velas. Rango: 2026-08-09 20:15 -> 2026-08-08 19:30 (desc)
2026-09-06 18:23:14,116 - INFO - Descargando batch 29/197 (after=2026-08-08 19:29) ...
2026-09-06 18:23:15,096 - INFO -   Guardadas 100 velas. Rango: 2026-08-08 19:15 -> 2026-08-07 18:30 (desc)
2026-09-06 18:23:15,404 - INFO - Descargando batch 30/197 (after=2026-08-07 18:29) ...
2026-09-06 18:23:16,554 - INFO -   Guardadas 100 velas. Rango: 2026-08-07 18:15 -> 2026-08-06 17:30 (desc)
2026-09-06 18:23:16,860 - INFO - Descargando batch 31/197 (after=2026-08-06 17:29) ...
2026-09-06 18:23:17,976 - INFO -   Guardadas 100 velas. Rango: 2026-08-06 17:15 -> 2026-08-05 16:30 (desc)
2026-09-06 18:23:18,287 - INFO - Descargando batch 32/197 (after=2026-08-05 16:29) ...
2026-09-06 18:23:19,188 - INFO -   Guardadas 100 velas. Rango: 2026-08-05 16:15 -> 2026-08-04 15:30 (desc)
2026-09-06 18:23:19,496 - INFO - Descargando batch 33/197 (after=2026-08-04 15:29) ...
2026-09-06 18:23:20,614 - INFO -   Guardadas 100 velas. Rango: 2026-08-04 15:15 -> 2026-08-03 14:30 (desc)
2026-09-06 18:23:20,921 - INFO - Descargando batch 34/197 (after=2026-08-03 14:29) ...
2026-09-06 18:23:22,102 - INFO -   Guardadas 100 velas. Rango: 2026-08-03 14:15 -> 2026-08-02 13:30 (desc)
2026-09-06 18:23:22,406 - INFO - Descargando batch 35/197 (after=2026-08-02 13:29) ...
2026-09-06 18:23:23,341 - INFO -   Guardadas 100 velas. Rango: 2026-08-02 13:15 -> 2026-08-01 12:30 (desc)
2026-09-06 18:23:23,648 - INFO - Descargando batch 36/197 (after=2026-08-01 12:29) ...
2026-09-06 18:23:24,702 - INFO -   Guardadas 100 velas. Rango: 2026-08-01 12:15 -> 2026-07-31 11:30 (desc)
2026-09-06 18:23:25,013 - INFO - Descargando batch 37/197 (after=2026-07-31 11:29) ...
2026-09-06 18:23:25,902 - INFO -   Guardadas 100 velas. Rango: 2026-07-31 11:15 -> 2026-07-30 10:30 (desc)
2026-09-06 18:23:26,208 - INFO - Descargando batch 38/197 (after=2026-07-30 10:29) ...
2026-09-06 18:23:27,142 - INFO -   Guardadas 100 velas. Rango: 2026-07-30 10:15 -> 2026-07-29 09:30 (desc)
2026-09-06 18:23:27,452 - INFO - Descargando batch 39/197 (after=2026-07-29 09:29) ...
2026-09-06 18:23:28,534 - INFO -   Guardadas 100 velas. Rango: 2026-07-29 09:15 -> 2026-07-28 08:30 (desc)
2026-09-06 18:23:28,846 - INFO - Descargando batch 40/197 (after=2026-07-28 08:29) ...
2026-09-06 18:23:29,814 - INFO -   Guardadas 100 velas. Rango: 2026-07-28 08:15 -> 2026-07-27 07:30 (desc)
2026-09-06 18:23:30,117 - INFO - Descargando batch 41/197 (after=2026-07-27 07:29) ...
2026-09-06 18:23:31,014 - INFO -   Guardadas 100 velas. Rango: 2026-07-27 07:15 -> 2026-07-26 06:30 (desc)
2026-09-06 18:23:31,331 - INFO - Descargando batch 42/197 (after=2026-07-26 06:29) ...
2026-09-06 18:23:32,321 - INFO -   Guardadas 100 velas. Rango: 2026-07-26 06:15 -> 2026-07-25 05:30 (desc)
2026-09-06 18:23:32,635 - INFO - Descargando batch 43/197 (after=2026-07-25 05:29) ...
2026-09-06 18:23:33,562 - INFO -   Guardadas 100 velas. Rango: 2026-07-25 05:15 -> 2026-07-24 04:30 (desc)
2026-09-06 18:23:33,868 - INFO - Descargando batch 44/197 (after=2026-07-24 04:29) ...
2026-09-06 18:23:34,854 - INFO -   Guardadas 100 velas. Rango: 2026-07-24 04:15 -> 2026-07-23 03:30 (desc)
2026-09-06 18:23:35,156 - INFO - Descargando batch 45/197 (after=2026-07-23 03:29) ...
2026-09-06 18:23:36,192 - INFO -   Guardadas 100 velas. Rango: 2026-07-23 03:15 -> 2026-07-22 02:30 (desc)
2026-09-06 18:23:36,509 - INFO - Descargando batch 46/197 (after=2026-07-22 02:29) ...
2026-09-06 18:23:37,403 - INFO -   Guardadas 100 velas. Rango: 2026-07-22 02:15 -> 2026-07-21 01:30 (desc)
2026-09-06 18:23:37,715 - INFO - Descargando batch 47/197 (after=2026-07-21 01:29) ...
2026-09-06 18:23:38,614 - INFO -   Guardadas 100 velas. Rango: 2026-07-21 01:15 -> 2026-07-20 00:30 (desc)
2026-09-06 18:23:38,922 - INFO - Descargando batch 48/197 (after=2026-07-20 00:29) ...
2026-09-06 18:23:40,062 - INFO -   Guardadas 100 velas. Rango: 2026-07-20 00:15 -> 2026-07-18 23:30 (desc)
2026-09-06 18:23:40,378 - INFO - Descargando batch 49/197 (after=2026-07-18 23:29) ...
2026-09-06 18:23:41,242 - INFO -   Guardadas 100 velas. Rango: 2026-07-18 23:15 -> 2026-07-17 22:30 (desc)
2026-09-06 18:23:41,564 - INFO - Descargando batch 50/197 (after=2026-07-17 22:29) ...
2026-09-06 18:23:42,653 - INFO -   Guardadas 100 velas. Rango: 2026-07-17 22:15 -> 2026-07-16 21:30 (desc)
2026-09-06 18:23:42,966 - INFO - Descargando batch 51/197 (after=2026-07-16 21:29) ...
2026-09-06 18:23:44,112 - INFO -   Guardadas 100 velas. Rango: 2026-07-16 21:15 -> 2026-07-15 20:30 (desc)
2026-09-06 18:23:44,415 - INFO - Descargando batch 52/197 (after=2026-07-15 20:29) ...
2026-09-06 18:23:45,423 - INFO -   Guardadas 100 velas. Rango: 2026-07-15 20:15 -> 2026-07-14 19:30 (desc)
2026-09-06 18:23:45,733 - INFO - Descargando batch 53/197 (after=2026-07-14 19:29) ...
2026-09-06 18:23:46,774 - INFO -   Guardadas 100 velas. Rango: 2026-07-14 19:15 -> 2026-07-13 18:30 (desc)
2026-09-06 18:23:47,089 - INFO - Descargando batch 54/197 (after=2026-07-13 18:29) ...
2026-09-06 18:23:47,974 - INFO -   Guardadas 100 velas. Rango: 2026-07-13 18:15 -> 2026-07-12 17:30 (desc)
2026-09-06 18:23:48,277 - INFO - Descargando batch 55/197 (after=2026-07-12 17:29) ...
2026-09-06 18:23:49,242 - INFO -   Guardadas 100 velas. Rango: 2026-07-12 17:15 -> 2026-07-11 16:30 (desc)
2026-09-06 18:23:49,556 - INFO - Descargando batch 56/197 (after=2026-07-11 16:29) ...
2026-09-06 18:23:50,614 - INFO -   Guardadas 100 velas. Rango: 2026-07-11 16:15 -> 2026-07-10 15:30 (desc)
2026-09-06 18:23:50,918 - INFO - Descargando batch 57/197 (after=2026-07-10 15:29) ...
2026-09-06 18:23:51,894 - INFO -   Guardadas 100 velas. Rango: 2026-07-10 15:15 -> 2026-07-09 14:30 (desc)
2026-09-06 18:23:52,208 - INFO - Descargando batch 58/197 (after=2026-07-09 14:29) ...
2026-09-06 18:23:53,093 - INFO -   Guardadas 100 velas. Rango: 2026-07-09 14:15 -> 2026-07-08 13:30 (desc)
2026-09-06 18:23:53,399 - INFO - Descargando batch 59/197 (after=2026-07-08 13:29) ...
2026-09-06 18:23:54,422 - INFO -   Guardadas 100 velas. Rango: 2026-07-08 13:15 -> 2026-07-07 12:30 (desc)
2026-09-06 18:23:54,737 - INFO - Descargando batch 60/197 (after=2026-07-07 12:29) ...
2026-09-06 18:23:55,653 - INFO -   Guardadas 100 velas. Rango: 2026-07-07 12:15 -> 2026-07-06 11:30 (desc)
2026-09-06 18:23:55,958 - INFO - Descargando batch 61/197 (after=2026-07-06 11:29) ...
2026-09-06 18:23:56,853 - INFO -   Guardadas 100 velas. Rango: 2026-07-06 11:15 -> 2026-07-05 10:30 (desc)
2026-09-06 18:23:57,165 - INFO - Descargando batch 62/197 (after=2026-07-05 10:29) ...
2026-09-06 18:23:58,103 - INFO -   Guardadas 100 velas. Rango: 2026-07-05 10:15 -> 2026-07-04 09:30 (desc)
2026-09-06 18:23:58,424 - INFO - Descargando batch 63/197 (after=2026-07-04 09:29) ...
2026-09-06 18:23:59,334 - INFO -   Guardadas 100 velas. Rango: 2026-07-04 09:15 -> 2026-07-03 08:30 (desc)
2026-09-06 18:23:59,646 - INFO - Descargando batch 64/197 (after=2026-07-03 08:29) ...
2026-09-06 18:24:00,752 - INFO -   Guardadas 100 velas. Rango: 2026-07-03 08:15 -> 2026-07-02 07:30 (desc)
2026-09-06 18:24:01,054 - INFO - Descargando batch 65/197 (after=2026-07-02 07:29) ...
2026-09-06 18:24:01,942 - INFO -   Guardadas 100 velas. Rango: 2026-07-02 07:15 -> 2026-07-01 06:30 (desc)
2026-09-06 18:24:02,245 - INFO - Descargando batch 66/197 (after=2026-07-01 06:29) ...
2026-09-06 18:24:03,142 - INFO -   Guardadas 100 velas. Rango: 2026-07-01 06:15 -> 2026-06-30 05:30 (desc)
2026-09-06 18:24:03,451 - INFO - Descargando batch 67/197 (after=2026-06-30 05:29) ...
2026-09-06 18:24:04,374 - INFO -   Guardadas 100 velas. Rango: 2026-06-30 05:15 -> 2026-06-29 04:30 (desc)
2026-09-06 18:24:04,690 - INFO - Descargando batch 68/197 (after=2026-06-29 04:29) ...
2026-09-06 18:24:05,562 - INFO -   Guardadas 100 velas. Rango: 2026-06-29 04:15 -> 2026-06-28 03:30 (desc)
2026-09-06 18:24:05,865 - INFO - Descargando batch 69/197 (after=2026-06-28 03:29) ...
2026-09-06 18:24:06,934 - INFO -   Guardadas 100 velas. Rango: 2026-06-28 03:15 -> 2026-06-27 02:30 (desc)
2026-09-06 18:24:07,241 - INFO - Descargando batch 70/197 (after=2026-06-27 02:29) ...
2026-09-06 18:24:08,122 - INFO -   Guardadas 100 velas. Rango: 2026-06-27 02:15 -> 2026-06-26 01:30 (desc)
2026-09-06 18:24:08,428 - INFO - Descargando batch 71/197 (after=2026-06-26 01:29) ...
2026-09-06 18:24:09,402 - INFO -   Guardadas 100 velas. Rango: 2026-06-26 01:15 -> 2026-06-25 00:30 (desc)
2026-09-06 18:24:09,713 - INFO - Descargando batch 72/197 (after=2026-06-25 00:29) ...
2026-09-06 18:24:10,692 - INFO -   Guardadas 100 velas. Rango: 2026-06-25 00:15 -> 2026-06-23 23:30 (desc)
2026-09-06 18:24:11,016 - INFO - Descargando batch 73/197 (after=2026-06-23 23:29) ...
2026-09-06 18:24:11,990 - INFO -   Guardadas 100 velas. Rango: 2026-06-23 23:15 -> 2026-06-22 22:30 (desc)
2026-09-06 18:24:12,299 - INFO - Descargando batch 74/197 (after=2026-06-22 22:29) ...
2026-09-06 18:24:13,232 - INFO -   Guardadas 100 velas. Rango: 2026-06-22 22:15 -> 2026-06-21 21:30 (desc)
2026-09-06 18:24:13,536 - INFO - Descargando batch 75/197 (after=2026-06-21 21:29) ...
2026-09-06 18:24:14,513 - INFO -   Guardadas 100 velas. Rango: 2026-06-21 21:15 -> 2026-06-20 20:30 (desc)
2026-09-06 18:24:14,824 - INFO - Descargando batch 76/197 (after=2026-06-20 20:29) ...
2026-09-06 18:24:15,894 - INFO -   Guardadas 100 velas. Rango: 2026-06-20 20:15 -> 2026-06-19 19:30 (desc)
2026-09-06 18:24:16,211 - INFO - Descargando batch 77/197 (after=2026-06-19 19:29) ...
2026-09-06 18:24:17,094 - INFO -   Guardadas 100 velas. Rango: 2026-06-19 19:15 -> 2026-06-18 18:30 (desc)
2026-09-06 18:24:17,408 - INFO - Descargando batch 78/197 (after=2026-06-18 18:29) ...
2026-09-06 18:24:18,374 - INFO -   Guardadas 100 velas. Rango: 2026-06-18 18:15 -> 2026-06-17 17:30 (desc)
2026-09-06 18:24:18,680 - INFO - Descargando batch 79/197 (after=2026-06-17 17:29) ...
2026-09-06 18:24:19,562 - INFO -   Guardadas 100 velas. Rango: 2026-06-17 17:15 -> 2026-06-16 16:30 (desc)
2026-09-06 18:24:19,884 - INFO - Descargando batch 80/197 (after=2026-06-16 16:29) ...
2026-09-06 18:24:21,014 - INFO -   Guardadas 100 velas. Rango: 2026-06-16 16:15 -> 2026-06-15 15:30 (desc)
2026-09-06 18:24:21,331 - INFO - Descargando batch 81/197 (after=2026-06-15 15:29) ...
2026-09-06 18:24:22,302 - INFO -   Guardadas 100 velas. Rango: 2026-06-15 15:15 -> 2026-06-14 14:30 (desc)
2026-09-06 18:24:22,615 - INFO - Descargando batch 82/197 (after=2026-06-14 14:29) ...
2026-09-06 18:24:23,574 - INFO -   Guardadas 100 velas. Rango: 2026-06-14 14:15 -> 2026-06-13 13:30 (desc)
2026-09-06 18:24:23,892 - INFO - Descargando batch 83/197 (after=2026-06-13 13:29) ...
2026-09-06 18:24:24,752 - INFO -   Guardadas 100 velas. Rango: 2026-06-13 13:15 -> 2026-06-12 12:30 (desc)
2026-09-06 18:24:25,065 - INFO - Descargando batch 84/197 (after=2026-06-12 12:29) ...
2026-09-06 18:24:26,102 - INFO -   Guardadas 100 velas. Rango: 2026-06-12 12:15 -> 2026-06-11 11:30 (desc)
2026-09-06 18:24:26,403 - INFO - Descargando batch 85/197 (after=2026-06-11 11:29) ...
2026-09-06 18:24:27,302 - INFO -   Guardadas 100 velas. Rango: 2026-06-11 11:15 -> 2026-06-10 10:30 (desc)
2026-09-06 18:24:27,611 - INFO - Descargando batch 86/197 (after=2026-06-10 10:29) ...
2026-09-06 18:24:28,773 - INFO -   Guardadas 100 velas. Rango: 2026-06-10 10:15 -> 2026-06-09 09:30 (desc)
2026-09-06 18:24:29,085 - INFO - Descargando batch 87/197 (after=2026-06-09 09:29) ...
2026-09-06 18:24:30,212 - INFO -   Guardadas 100 velas. Rango: 2026-06-09 09:15 -> 2026-06-08 08:30 (desc)
2026-09-06 18:24:30,525 - INFO - Descargando batch 88/197 (after=2026-06-08 08:29) ...
2026-09-06 18:24:31,602 - INFO -   Guardadas 100 velas. Rango: 2026-06-08 08:15 -> 2026-06-07 07:30 (desc)
2026-09-06 18:24:31,916 - INFO - Descargando batch 89/197 (after=2026-06-07 07:29) ...
2026-09-06 18:24:32,861 - INFO -   Guardadas 100 velas. Rango: 2026-06-07 07:15 -> 2026-06-06 06:30 (desc)
2026-09-06 18:24:33,174 - INFO - Descargando batch 90/197 (after=2026-06-06 06:29) ...
2026-09-06 18:24:34,474 - INFO -   Guardadas 100 velas. Rango: 2026-06-06 06:15 -> 2026-06-05 05:30 (desc)
2026-09-06 18:24:34,780 - INFO - Descargando batch 91/197 (after=2026-06-05 05:29) ...
2026-09-06 18:24:35,653 - INFO -   Guardadas 100 velas. Rango: 2026-06-05 05:15 -> 2026-06-04 04:30 (desc)
2026-09-06 18:24:35,955 - INFO - Descargando batch 92/197 (after=2026-06-04 04:29) ...
2026-09-06 18:24:36,849 - INFO -   Guardadas 100 velas. Rango: 2026-06-04 04:15 -> 2026-06-03 03:30 (desc)
2026-09-06 18:24:37,166 - INFO - Descargando batch 93/197 (after=2026-06-03 03:29) ...
2026-09-06 18:24:38,134 - INFO -   Guardadas 100 velas. Rango: 2026-06-03 03:15 -> 2026-06-02 02:30 (desc)
2026-09-06 18:24:38,436 - INFO - Descargando batch 94/197 (after=2026-06-02 02:29) ...
2026-09-06 18:24:39,575 - INFO -   Guardadas 100 velas. Rango: 2026-06-02 02:15 -> 2026-06-01 01:30 (desc)
2026-09-06 18:24:39,884 - INFO - Descargando batch 95/197 (after=2026-06-01 01:29) ...
2026-09-06 18:24:40,773 - INFO -   Guardadas 100 velas. Rango: 2026-06-01 01:15 -> 2026-05-31 00:30 (desc)
2026-09-06 18:24:41,086 - INFO - Descargando batch 96/197 (after=2026-05-31 00:29) ...
2026-09-06 18:24:42,054 - INFO -   Guardadas 100 velas. Rango: 2026-05-31 00:15 -> 2026-05-29 23:30 (desc)
2026-09-06 18:24:42,357 - INFO - Descargando batch 97/197 (after=2026-05-29 23:29) ...
2026-09-06 18:24:43,362 - INFO -   Guardadas 100 velas. Rango: 2026-05-29 23:15 -> 2026-05-28 22:30 (desc)
2026-09-06 18:24:43,674 - INFO - Descargando batch 98/197 (after=2026-05-28 22:29) ...
2026-09-06 18:24:44,743 - INFO -   Guardadas 100 velas. Rango: 2026-05-28 22:15 -> 2026-05-27 21:30 (desc)
2026-09-06 18:24:45,062 - INFO - Descargando batch 99/197 (after=2026-05-27 21:29) ...
2026-09-06 18:24:45,974 - INFO -   Guardadas 100 velas. Rango: 2026-05-27 21:15 -> 2026-05-26 20:30 (desc)
2026-09-06 18:24:46,279 - INFO - Descargando batch 100/197 (after=2026-05-26 20:29) ...
2026-09-06 18:24:47,255 - INFO -   Guardadas 100 velas. Rango: 2026-05-26 20:15 -> 2026-05-25 19:30 (desc)
2026-09-06 18:24:47,563 - INFO - Descargando batch 101/197 (after=2026-05-25 19:29) ...
2026-09-06 18:24:48,431 - INFO -   Guardadas 100 velas. Rango: 2026-05-25 19:15 -> 2026-05-24 18:30 (desc)
2026-09-06 18:24:48,739 - INFO - Descargando batch 102/197 (after=2026-05-24 18:29) ...
2026-09-06 18:24:49,574 - INFO -   Guardadas 100 velas. Rango: 2026-05-24 18:15 -> 2026-05-23 17:30 (desc)
2026-09-06 18:24:49,882 - INFO - Descargando batch 103/197 (after=2026-05-23 17:29) ...
2026-09-06 18:24:51,021 - INFO -   Guardadas 100 velas. Rango: 2026-05-23 17:15 -> 2026-05-22 16:30 (desc)
2026-09-06 18:24:51,336 - INFO - Descargando batch 104/197 (after=2026-05-22 16:29) ...
2026-09-06 18:24:52,376 - INFO -   Guardadas 100 velas. Rango: 2026-05-22 16:15 -> 2026-05-21 15:30 (desc)
2026-09-06 18:24:52,696 - INFO - Descargando batch 105/197 (after=2026-05-21 15:29) ...
2026-09-06 18:24:53,653 - INFO -   Guardadas 100 velas. Rango: 2026-05-21 15:15 -> 2026-05-20 14:30 (desc)
2026-09-06 18:24:53,965 - INFO - Descargando batch 106/197 (after=2026-05-20 14:29) ...
2026-09-06 18:24:54,854 - INFO -   Guardadas 100 velas. Rango: 2026-05-20 14:15 -> 2026-05-19 13:30 (desc)
2026-09-06 18:24:55,156 - INFO - Descargando batch 107/197 (after=2026-05-19 13:29) ...
2026-09-06 18:24:56,054 - INFO -   Guardadas 100 velas. Rango: 2026-05-19 13:15 -> 2026-05-18 12:30 (desc)
2026-09-06 18:24:56,362 - INFO - Descargando batch 108/197 (after=2026-05-18 12:29) ...
2026-09-06 18:24:57,415 - INFO -   Guardadas 100 velas. Rango: 2026-05-18 12:15 -> 2026-05-17 11:30 (desc)
2026-09-06 18:24:57,721 - INFO - Descargando batch 109/197 (after=2026-05-17 11:29) ...
2026-09-06 18:24:58,691 - INFO -   Guardadas 100 velas. Rango: 2026-05-17 11:15 -> 2026-05-16 10:30 (desc)
2026-09-06 18:24:59,008 - INFO - Descargando batch 110/197 (after=2026-05-16 10:29) ...
2026-09-06 18:24:59,900 - INFO -   Guardadas 100 velas. Rango: 2026-05-16 10:15 -> 2026-05-15 09:30 (desc)
2026-09-06 18:25:00,209 - INFO - Descargando batch 111/197 (after=2026-05-15 09:29) ...
2026-09-06 18:25:01,301 - INFO -   Guardadas 100 velas. Rango: 2026-05-15 09:15 -> 2026-05-14 08:30 (desc)
2026-09-06 18:25:01,611 - INFO - Descargando batch 112/197 (after=2026-05-14 08:29) ...
2026-09-06 18:25:02,461 - INFO -   Guardadas 100 velas. Rango: 2026-05-14 08:15 -> 2026-05-13 07:30 (desc)
2026-09-06 18:25:02,765 - INFO - Descargando batch 113/197 (after=2026-05-13 07:29) ...
2026-09-06 18:25:03,869 - INFO -   Guardadas 100 velas. Rango: 2026-05-13 07:15 -> 2026-05-12 06:30 (desc)
2026-09-06 18:25:04,179 - INFO - Descargando batch 114/197 (after=2026-05-12 06:29) ...
2026-09-06 18:25:05,093 - INFO -   Guardadas 100 velas. Rango: 2026-05-12 06:15 -> 2026-05-11 05:30 (desc)
2026-09-06 18:25:05,395 - INFO - Descargando batch 115/197 (after=2026-05-11 05:29) ...
2026-09-06 18:25:06,232 - INFO -   Guardadas 100 velas. Rango: 2026-05-11 05:15 -> 2026-05-10 04:30 (desc)
2026-09-06 18:25:06,533 - INFO - Descargando batch 116/197 (after=2026-05-10 04:29) ...
2026-09-06 18:25:07,461 - INFO -   Guardadas 100 velas. Rango: 2026-05-10 04:15 -> 2026-05-09 03:30 (desc)
2026-09-06 18:25:07,766 - INFO - Descargando batch 117/197 (after=2026-05-09 03:29) ...
2026-09-06 18:25:08,695 - INFO -   Guardadas 100 velas. Rango: 2026-05-09 03:15 -> 2026-05-08 02:30 (desc)
2026-09-06 18:25:09,000 - INFO - Descargando batch 118/197 (after=2026-05-08 02:29) ...
2026-09-06 18:25:09,974 - INFO -   Guardadas 100 velas. Rango: 2026-05-08 02:15 -> 2026-05-07 01:30 (desc)
2026-09-06 18:25:10,286 - INFO - Descargando batch 119/197 (after=2026-05-07 01:29) ...
2026-09-06 18:25:11,181 - INFO -   Guardadas 100 velas. Rango: 2026-05-07 01:15 -> 2026-05-06 00:30 (desc)
2026-09-06 18:25:11,487 - INFO - Descargando batch 120/197 (after=2026-05-06 00:29) ...
2026-09-06 18:25:12,534 - INFO -   Guardadas 100 velas. Rango: 2026-05-06 00:15 -> 2026-05-04 23:30 (desc)
2026-09-06 18:25:12,842 - INFO - Descargando batch 121/197 (after=2026-05-04 23:29) ...
2026-09-06 18:25:13,733 - INFO -   Guardadas 100 velas. Rango: 2026-05-04 23:15 -> 2026-05-03 22:30 (desc)
2026-09-06 18:25:14,044 - INFO - Descargando batch 122/197 (after=2026-05-03 22:29) ...
2026-09-06 18:25:15,033 - INFO -   Guardadas 100 velas. Rango: 2026-05-03 22:15 -> 2026-05-02 21:30 (desc)
2026-09-06 18:25:15,337 - INFO - Descargando batch 123/197 (after=2026-05-02 21:29) ...
2026-09-06 18:25:16,301 - INFO -   Guardadas 100 velas. Rango: 2026-05-02 21:15 -> 2026-05-01 20:30 (desc)
2026-09-06 18:25:16,603 - INFO - Descargando batch 124/197 (after=2026-05-01 20:29) ...
2026-09-06 18:25:17,562 - INFO -   Guardadas 100 velas. Rango: 2026-05-01 20:15 -> 2026-04-30 19:30 (desc)
2026-09-06 18:25:17,878 - INFO - Descargando batch 125/197 (after=2026-04-30 19:29) ...
2026-09-06 18:25:18,902 - INFO -   Guardadas 100 velas. Rango: 2026-04-30 19:15 -> 2026-04-29 18:30 (desc)
2026-09-06 18:25:19,216 - INFO - Descargando batch 126/197 (after=2026-04-29 18:29) ...
2026-09-06 18:25:20,129 - INFO -   Guardadas 100 velas. Rango: 2026-04-29 18:15 -> 2026-04-28 17:30 (desc)
2026-09-06 18:25:20,444 - INFO - Descargando batch 127/197 (after=2026-04-28 17:29) ...
2026-09-06 18:25:21,409 - INFO -   Guardadas 100 velas. Rango: 2026-04-28 17:15 -> 2026-04-27 16:30 (desc)
2026-09-06 18:25:21,712 - INFO - Descargando batch 128/197 (after=2026-04-27 16:29) ...
2026-09-06 18:25:22,693 - INFO -   Guardadas 100 velas. Rango: 2026-04-27 16:15 -> 2026-04-26 15:30 (desc)
2026-09-06 18:25:23,004 - INFO - Descargando batch 129/197 (after=2026-04-26 15:29) ...
2026-09-06 18:25:24,021 - INFO -   Guardadas 100 velas. Rango: 2026-04-26 15:15 -> 2026-04-25 14:30 (desc)
2026-09-06 18:25:24,327 - INFO - Descargando batch 130/197 (after=2026-04-25 14:29) ...
2026-09-06 18:25:25,341 - INFO -   Guardadas 100 velas. Rango: 2026-04-25 14:15 -> 2026-04-24 13:30 (desc)
2026-09-06 18:25:25,654 - INFO - Descargando batch 131/197 (after=2026-04-24 13:29) ...
2026-09-06 18:25:26,511 - INFO -   Guardadas 100 velas. Rango: 2026-04-24 13:15 -> 2026-04-23 12:30 (desc)
2026-09-06 18:25:26,825 - INFO - Descargando batch 132/197 (after=2026-04-23 12:29) ...
2026-09-06 18:25:27,792 - INFO -   Guardadas 100 velas. Rango: 2026-04-23 12:15 -> 2026-04-22 11:30 (desc)
2026-09-06 18:25:28,099 - INFO - Descargando batch 133/197 (after=2026-04-22 11:29) ...
2026-09-06 18:25:29,090 - INFO -   Guardadas 100 velas. Rango: 2026-04-22 11:15 -> 2026-04-21 10:30 (desc)
2026-09-06 18:25:29,406 - INFO - Descargando batch 134/197 (after=2026-04-21 10:29) ...
2026-09-06 18:25:30,263 - INFO -   Guardadas 100 velas. Rango: 2026-04-21 10:15 -> 2026-04-20 09:30 (desc)
2026-09-06 18:25:30,577 - INFO - Descargando batch 135/197 (after=2026-04-20 09:29) ...
2026-09-06 18:25:31,653 - INFO -   Guardadas 100 velas. Rango: 2026-04-20 09:15 -> 2026-04-19 08:30 (desc)
2026-09-06 18:25:31,963 - INFO - Descargando batch 136/197 (after=2026-04-19 08:29) ...
2026-09-06 18:25:32,856 - INFO -   Guardadas 100 velas. Rango: 2026-04-19 08:15 -> 2026-04-18 07:30 (desc)
2026-09-06 18:25:33,164 - INFO - Descargando batch 137/197 (after=2026-04-18 07:29) ...
2026-09-06 18:25:34,061 - INFO -   Guardadas 100 velas. Rango: 2026-04-18 07:15 -> 2026-04-17 06:30 (desc)
2026-09-06 18:25:34,366 - INFO - Descargando batch 138/197 (after=2026-04-17 06:29) ...
2026-09-06 18:25:35,480 - INFO -   Guardadas 100 velas. Rango: 2026-04-17 06:15 -> 2026-04-16 05:30 (desc)
2026-09-06 18:25:35,783 - INFO - Descargando batch 139/197 (after=2026-04-16 05:29) ...
2026-09-06 18:25:36,691 - INFO -   Guardadas 100 velas. Rango: 2026-04-16 05:15 -> 2026-04-15 04:30 (desc)
2026-09-06 18:25:37,001 - INFO - Descargando batch 140/197 (after=2026-04-15 04:29) ...
2026-09-06 18:25:37,973 - INFO -   Guardadas 100 velas. Rango: 2026-04-15 04:15 -> 2026-04-14 03:30 (desc)
2026-09-06 18:25:38,287 - INFO - Descargando batch 141/197 (after=2026-04-14 03:29) ...
2026-09-06 18:25:39,261 - INFO -   Guardadas 100 velas. Rango: 2026-04-14 03:15 -> 2026-04-13 02:30 (desc)
2026-09-06 18:25:39,573 - INFO - Descargando batch 142/197 (after=2026-04-13 02:29) ...
2026-09-06 18:25:40,613 - INFO -   Guardadas 100 velas. Rango: 2026-04-13 02:15 -> 2026-04-12 01:30 (desc)
2026-09-06 18:25:40,923 - INFO - Descargando batch 143/197 (after=2026-04-12 01:29) ...
2026-09-06 18:25:41,941 - INFO -   Guardadas 100 velas. Rango: 2026-04-12 01:15 -> 2026-04-11 00:30 (desc)
2026-09-06 18:25:42,256 - INFO - Descargando batch 144/197 (after=2026-04-11 00:29) ...
2026-09-06 18:25:43,122 - INFO -   Guardadas 100 velas. Rango: 2026-04-11 00:15 -> 2026-04-09 23:30 (desc)
2026-09-06 18:25:43,429 - INFO - Descargando batch 145/197 (after=2026-04-09 23:29) ...
2026-09-06 18:25:44,398 - INFO -   Guardadas 100 velas. Rango: 2026-04-09 23:15 -> 2026-04-08 22:30 (desc)
2026-09-06 18:25:44,706 - INFO - Descargando batch 146/197 (after=2026-04-08 22:29) ...
2026-09-06 18:25:45,622 - INFO -   Guardadas 100 velas. Rango: 2026-04-08 22:15 -> 2026-04-07 21:30 (desc)
2026-09-06 18:25:45,927 - INFO - Descargando batch 147/197 (after=2026-04-07 21:29) ...
2026-09-06 18:25:46,783 - INFO -   Guardadas 100 velas. Rango: 2026-04-07 21:15 -> 2026-04-06 20:30 (desc)
2026-09-06 18:25:47,085 - INFO - Descargando batch 148/197 (after=2026-04-06 20:29) ...
2026-09-06 18:25:48,029 - INFO -   Guardadas 100 velas. Rango: 2026-04-06 20:15 -> 2026-04-05 19:30 (desc)
2026-09-06 18:25:48,340 - INFO - Descargando batch 149/197 (after=2026-04-05 19:29) ...
2026-09-06 18:25:49,232 - INFO -   Guardadas 100 velas. Rango: 2026-04-05 19:15 -> 2026-04-04 18:30 (desc)
2026-09-06 18:25:49,545 - INFO - Descargando batch 150/197 (after=2026-04-04 18:29) ...
2026-09-06 18:25:50,533 - INFO -   Guardadas 100 velas. Rango: 2026-04-04 18:15 -> 2026-04-03 17:30 (desc)
2026-09-06 18:25:50,834 - INFO - Descargando batch 151/197 (after=2026-04-03 17:29) ...
2026-09-06 18:25:51,813 - INFO -   Guardadas 100 velas. Rango: 2026-04-03 17:15 -> 2026-04-02 16:30 (desc)
2026-09-06 18:25:52,126 - INFO - Descargando batch 152/197 (after=2026-04-02 16:29) ...
2026-09-06 18:25:53,052 - INFO -   Guardadas 100 velas. Rango: 2026-04-02 16:15 -> 2026-04-01 15:30 (desc)
2026-09-06 18:25:53,366 - INFO - Descargando batch 153/197 (after=2026-04-01 15:29) ...
2026-09-06 18:25:54,401 - INFO -   Guardadas 100 velas. Rango: 2026-04-01 15:15 -> 2026-03-31 14:30 (desc)
2026-09-06 18:25:54,707 - INFO - Descargando batch 154/197 (after=2026-03-31 14:29) ...
2026-09-06 18:25:55,629 - INFO -   Guardadas 100 velas. Rango: 2026-03-31 14:15 -> 2026-03-30 13:30 (desc)
2026-09-06 18:25:55,948 - INFO - Descargando batch 155/197 (after=2026-03-30 13:29) ...
2026-09-06 18:25:56,933 - INFO -   Guardadas 100 velas. Rango: 2026-03-30 13:15 -> 2026-03-29 12:30 (desc)
2026-09-06 18:25:57,254 - INFO - Descargando batch 156/197 (after=2026-03-29 12:29) ...
2026-09-06 18:25:58,101 - INFO -   Guardadas 100 velas. Rango: 2026-03-29 12:15 -> 2026-03-28 11:30 (desc)
2026-09-06 18:25:58,412 - INFO - Descargando batch 157/197 (after=2026-03-28 11:29) ...
2026-09-06 18:25:59,491 - INFO -   Guardadas 100 velas. Rango: 2026-03-28 11:15 -> 2026-03-27 10:30 (desc)
2026-09-06 18:25:59,814 - INFO - Descargando batch 158/197 (after=2026-03-27 10:29) ...
2026-09-06 18:26:00,781 - INFO -   Guardadas 100 velas. Rango: 2026-03-27 10:15 -> 2026-03-26 09:30 (desc)
2026-09-06 18:26:01,090 - INFO - Descargando batch 159/197 (after=2026-03-26 09:29) ...
2026-09-06 18:26:01,968 - INFO -   Guardadas 100 velas. Rango: 2026-03-26 09:15 -> 2026-03-25 08:30 (desc)
2026-09-06 18:26:02,281 - INFO - Descargando batch 160/197 (after=2026-03-25 08:29) ...
2026-09-06 18:26:03,231 - INFO -   Guardadas 100 velas. Rango: 2026-03-25 08:15 -> 2026-03-24 07:30 (desc)
2026-09-06 18:26:03,534 - INFO - Descargando batch 161/197 (after=2026-03-24 07:29) ...
2026-09-06 18:26:04,693 - INFO -   Guardadas 100 velas. Rango: 2026-03-24 07:15 -> 2026-03-23 06:30 (desc)
2026-09-06 18:26:04,996 - INFO - Descargando batch 162/197 (after=2026-03-23 06:29) ...
2026-09-06 18:26:05,899 - INFO -   Guardadas 100 velas. Rango: 2026-03-23 06:15 -> 2026-03-22 05:30 (desc)
2026-09-06 18:26:06,203 - INFO - Descargando batch 163/197 (after=2026-03-22 05:29) ...
2026-09-06 18:26:07,101 - INFO -   Guardadas 100 velas. Rango: 2026-03-22 05:15 -> 2026-03-21 04:30 (desc)
2026-09-06 18:26:07,408 - INFO - Descargando batch 164/197 (after=2026-03-21 04:29) ...
2026-09-06 18:26:08,373 - INFO -   Guardadas 100 velas. Rango: 2026-03-21 04:15 -> 2026-03-20 03:30 (desc)
2026-09-06 18:26:08,688 - INFO - Descargando batch 165/197 (after=2026-03-20 03:29) ...
2026-09-06 18:26:09,564 - INFO -   Guardadas 100 velas. Rango: 2026-03-20 03:15 -> 2026-03-19 02:30 (desc)
2026-09-06 18:26:09,887 - INFO - Descargando batch 166/197 (after=2026-03-19 02:29) ...
2026-09-06 18:26:10,781 - INFO -   Guardadas 100 velas. Rango: 2026-03-19 02:15 -> 2026-03-18 01:30 (desc)
2026-09-06 18:26:11,092 - INFO - Descargando batch 167/197 (after=2026-03-18 01:29) ...
2026-09-06 18:26:11,972 - INFO -   Guardadas 100 velas. Rango: 2026-03-18 01:15 -> 2026-03-17 00:30 (desc)
2026-09-06 18:26:12,281 - INFO - Descargando batch 168/197 (after=2026-03-17 00:29) ...
2026-09-06 18:26:13,332 - INFO -   Guardadas 100 velas. Rango: 2026-03-17 00:15 -> 2026-03-15 23:30 (desc)
2026-09-06 18:26:13,642 - INFO - Descargando batch 169/197 (after=2026-03-15 23:29) ...
2026-09-06 18:26:14,561 - INFO -   Guardadas 100 velas. Rango: 2026-03-15 23:15 -> 2026-03-14 22:30 (desc)
2026-09-06 18:26:14,863 - INFO - Descargando batch 170/197 (after=2026-03-14 22:29) ...
2026-09-06 18:26:15,881 - INFO -   Guardadas 100 velas. Rango: 2026-03-14 22:15 -> 2026-03-13 21:30 (desc)
2026-09-06 18:26:16,184 - INFO - Descargando batch 171/197 (after=2026-03-13 21:29) ...
2026-09-06 18:26:17,100 - INFO -   Guardadas 100 velas. Rango: 2026-03-13 21:15 -> 2026-03-12 20:30 (desc)
2026-09-06 18:26:17,407 - INFO - Descargando batch 172/197 (after=2026-03-12 20:29) ...
2026-09-06 18:26:18,410 - INFO -   Guardadas 100 velas. Rango: 2026-03-12 20:15 -> 2026-03-11 19:30 (desc)
2026-09-06 18:26:18,713 - INFO - Descargando batch 173/197 (after=2026-03-11 19:29) ...
2026-09-06 18:26:19,812 - INFO -   Guardadas 100 velas. Rango: 2026-03-11 19:15 -> 2026-03-10 18:30 (desc)
2026-09-06 18:26:20,120 - INFO - Descargando batch 174/197 (after=2026-03-10 18:29) ...
2026-09-06 18:26:21,493 - INFO -   Guardadas 100 velas. Rango: 2026-03-10 18:15 -> 2026-03-09 17:30 (desc)
2026-09-06 18:26:21,799 - INFO - Descargando batch 175/197 (after=2026-03-09 17:29) ...
2026-09-06 18:26:22,830 - INFO -   Guardadas 100 velas. Rango: 2026-03-09 17:15 -> 2026-03-08 16:30 (desc)
2026-09-06 18:26:23,137 - INFO - Descargando batch 176/197 (after=2026-03-08 16:29) ...
2026-09-06 18:26:24,940 - INFO -   Guardadas 100 velas. Rango: 2026-03-08 16:15 -> 2026-03-07 15:30 (desc)
2026-09-06 18:26:25,247 - INFO - Descargando batch 177/197 (after=2026-03-07 15:29) ...
2026-09-06 18:26:26,309 - INFO -   Guardadas 100 velas. Rango: 2026-03-07 15:15 -> 2026-03-06 14:30 (desc)
2026-09-06 18:26:26,624 - INFO - Descargando batch 178/197 (after=2026-03-06 14:29) ...
2026-09-06 18:26:27,500 - INFO -   Guardadas 100 velas. Rango: 2026-03-06 14:15 -> 2026-03-05 13:30 (desc)
2026-09-06 18:26:27,827 - INFO - Descargando batch 179/197 (after=2026-03-05 13:29) ...
2026-09-06 18:26:29,012 - INFO -   Guardadas 100 velas. Rango: 2026-03-05 13:15 -> 2026-03-04 12:30 (desc)
2026-09-06 18:26:29,318 - INFO - Descargando batch 180/197 (after=2026-03-04 12:29) ...
2026-09-06 18:26:30,400 - INFO -   Guardadas 100 velas. Rango: 2026-03-04 12:15 -> 2026-03-03 11:30 (desc)
2026-09-06 18:26:30,703 - INFO - Descargando batch 181/197 (after=2026-03-03 11:29) ...
2026-09-06 18:26:31,563 - INFO -   Guardadas 100 velas. Rango: 2026-03-03 11:15 -> 2026-03-02 10:30 (desc)
2026-09-06 18:26:31,873 - INFO - Descargando batch 182/197 (after=2026-03-02 10:29) ...
2026-09-06 18:26:32,713 - INFO -   Guardadas 100 velas. Rango: 2026-03-02 10:15 -> 2026-03-01 09:30 (desc)
2026-09-06 18:26:33,022 - INFO - Descargando batch 183/197 (after=2026-03-01 09:29) ...
2026-09-06 18:26:33,992 - INFO -   Guardadas 100 velas. Rango: 2026-03-01 09:15 -> 2026-02-28 08:30 (desc)
2026-09-06 18:26:34,294 - INFO - Descargando batch 184/197 (after=2026-02-28 08:29) ...
2026-09-06 18:26:35,173 - INFO -   Guardadas 100 velas. Rango: 2026-02-28 08:15 -> 2026-02-27 07:30 (desc)
2026-09-06 18:26:35,480 - INFO - Descargando batch 185/197 (after=2026-02-27 07:29) ...
2026-09-06 18:26:36,512 - INFO -   Guardadas 100 velas. Rango: 2026-02-27 07:15 -> 2026-02-26 06:30 (desc)
2026-09-06 18:26:36,828 - INFO - Descargando batch 186/197 (after=2026-02-26 06:29) ...
2026-09-06 18:26:37,844 - INFO -   Guardadas 100 velas. Rango: 2026-02-26 06:15 -> 2026-02-25 05:30 (desc)
2026-09-06 18:26:38,146 - INFO - Descargando batch 187/197 (after=2026-02-25 05:29) ...
2026-09-06 18:26:39,093 - INFO -   Guardadas 100 velas. Rango: 2026-02-25 05:15 -> 2026-02-24 04:30 (desc)
2026-09-06 18:26:39,403 - INFO - Descargando batch 188/197 (after=2026-02-24 04:29) ...
2026-09-06 18:26:40,370 - INFO -   Guardadas 100 velas. Rango: 2026-02-24 04:15 -> 2026-02-23 03:30 (desc)
2026-09-06 18:26:40,675 - INFO - Descargando batch 189/197 (after=2026-02-23 03:29) ...
2026-09-06 18:26:41,692 - INFO -   Guardadas 100 velas. Rango: 2026-02-23 03:15 -> 2026-02-22 02:30 (desc)
2026-09-06 18:26:42,008 - INFO - Descargando batch 190/197 (after=2026-02-22 02:29) ...
2026-09-06 18:26:42,932 - INFO -   Guardadas 100 velas. Rango: 2026-02-22 02:15 -> 2026-02-21 01:30 (desc)
2026-09-06 18:26:43,247 - INFO - Descargando batch 191/197 (after=2026-02-21 01:29) ...
2026-09-06 18:26:44,337 - INFO -   Guardadas 100 velas. Rango: 2026-02-21 01:15 -> 2026-02-20 00:30 (desc)
2026-09-06 18:26:44,639 - INFO - Descargando batch 192/197 (after=2026-02-20 00:29) ...
2026-09-06 18:26:45,622 - INFO -   Guardadas 100 velas. Rango: 2026-02-20 00:15 -> 2026-02-18 23:30 (desc)
2026-09-06 18:26:45,930 - INFO - Descargando batch 193/197 (after=2026-02-18 23:29) ...
2026-09-06 18:26:47,332 - INFO -   Guardadas 100 velas. Rango: 2026-02-18 23:15 -> 2026-02-17 22:30 (desc)
2026-09-06 18:26:47,332 - INFO - Se alcanz贸 el inicio del periodo deseado
2026-09-06 18:26:47,337 - INFO - Descarga completada para 15m: 19300 velas en 193 batches
2026-09-06 18:26:48,342 - INFO - ============================================================
2026-09-06 18:26:48,342 - INFO - DESCARGANDO 200 DIAS DE VELAS 1H
2026-09-06 18:26:48,344 - INFO - ============================================================
2026-09-06 18:26:48,345 - INFO - Descargando batch 1/53 (after=2026-09-06 23:26) ...
2026-09-06 18:26:49,652 - INFO -   Guardadas 100 velas. Rango: 2026-09-06 23:00 -> 2026-09-02 20:00 (desc)
2026-09-06 18:26:49,967 - INFO - Descargando batch 2/53 (after=2026-09-02 19:59) ...
2026-09-06 18:26:50,989 - INFO -   Guardadas 100 velas. Rango: 2026-09-02 19:00 -> 2026-08-29 16:00 (desc)
2026-09-06 18:26:51,314 - INFO - Descargando batch 3/53 (after=2026-08-29 15:59) ...
2026-09-06 18:26:52,242 - INFO -   Guardadas 100 velas. Rango: 2026-08-29 15:00 -> 2026-08-25 12:00 (desc)
2026-09-06 18:26:52,549 - INFO - Descargando batch 4/53 (after=2026-08-25 11:59) ...
2026-09-06 18:26:53,538 - INFO -   Guardadas 100 velas. Rango: 2026-08-25 11:00 -> 2026-08-21 08:00 (desc)
2026-09-06 18:26:53,855 - INFO - Descargando batch 5/53 (after=2026-08-21 07:59) ...
2026-09-06 18:26:54,884 - INFO -   Guardadas 100 velas. Rango: 2026-08-21 07:00 -> 2026-08-17 04:00 (desc)
2026-09-06 18:26:55,193 - INFO - Descargando batch 6/53 (after=2026-08-17 03:59) ...
2026-09-06 18:26:56,104 - INFO -   Guardadas 100 velas. Rango: 2026-08-17 03:00 -> 2026-08-13 00:00 (desc)
2026-09-06 18:26:56,421 - INFO - Descargando batch 7/53 (after=2026-08-12 23:59) ...
2026-09-06 18:26:57,287 - INFO -   Guardadas 100 velas. Rango: 2026-08-12 23:00 -> 2026-08-08 20:00 (desc)
2026-09-06 18:26:57,588 - INFO - Descargando batch 8/53 (after=2026-08-08 19:59) ...
2026-09-06 18:26:58,617 - INFO -   Guardadas 100 velas. Rango: 2026-08-08 19:00 -> 2026-08-04 16:00 (desc)
2026-09-06 18:26:58,926 - INFO - Descargando batch 9/53 (after=2026-08-04 15:59) ...
2026-09-06 18:27:00,042 - INFO -   Guardadas 100 velas. Rango: 2026-08-04 15:00 -> 2026-07-31 12:00 (desc)
2026-09-06 18:27:00,353 - INFO - Descargando batch 10/53 (after=2026-07-31 11:59) ...
2026-09-06 18:27:01,560 - INFO -   Guardadas 100 velas. Rango: 2026-07-31 11:00 -> 2026-07-27 08:00 (desc)
2026-09-06 18:27:01,863 - INFO - Descargando batch 11/53 (after=2026-07-27 07:59) ...
2026-09-06 18:27:03,038 - INFO -   Guardadas 100 velas. Rango: 2026-07-27 07:00 -> 2026-07-23 04:00 (desc)
2026-09-06 18:27:03,349 - INFO - Descargando batch 12/53 (after=2026-07-23 03:59) ...
2026-09-06 18:27:04,298 - INFO -   Guardadas 100 velas. Rango: 2026-07-23 03:00 -> 2026-07-19 00:00 (desc)
2026-09-06 18:27:04,609 - INFO - Descargando batch 13/53 (after=2026-07-18 23:59) ...
2026-09-06 18:27:05,623 - INFO -   Guardadas 100 velas. Rango: 2026-07-18 23:00 -> 2026-07-14 20:00 (desc)
2026-09-06 18:27:05,939 - INFO - Descargando batch 14/53 (after=2026-07-14 19:59) ...
2026-09-06 18:27:06,852 - INFO -   Guardadas 100 velas. Rango: 2026-07-14 19:00 -> 2026-07-10 16:00 (desc)
2026-09-06 18:27:07,155 - INFO - Descargando batch 15/53 (after=2026-07-10 15:59) ...
2026-09-06 18:27:08,292 - INFO -   Guardadas 100 velas. Rango: 2026-07-10 15:00 -> 2026-07-06 12:00 (desc)
2026-09-06 18:27:08,614 - INFO - Descargando batch 16/53 (after=2026-07-06 11:59) ...
2026-09-06 18:27:09,812 - INFO -   Guardadas 100 velas. Rango: 2026-07-06 11:00 -> 2026-07-02 08:00 (desc)
2026-09-06 18:27:10,122 - INFO - Descargando batch 17/53 (after=2026-07-02 07:59) ...
2026-09-06 18:27:11,204 - INFO -   Guardadas 100 velas. Rango: 2026-07-02 07:00 -> 2026-06-28 04:00 (desc)
2026-09-06 18:27:11,507 - INFO - Descargando batch 18/53 (after=2026-06-28 03:59) ...
2026-09-06 18:27:12,413 - INFO -   Guardadas 100 velas. Rango: 2026-06-28 03:00 -> 2026-06-24 00:00 (desc)
2026-09-06 18:27:12,731 - INFO - Descargando batch 19/53 (after=2026-06-23 23:59) ...
2026-09-06 18:27:13,611 - INFO -   Guardadas 100 velas. Rango: 2026-06-23 23:00 -> 2026-06-19 20:00 (desc)
2026-09-06 18:27:13,914 - INFO - Descargando batch 20/53 (after=2026-06-19 19:59) ...
2026-09-06 18:27:14,925 - INFO -   Guardadas 100 velas. Rango: 2026-06-19 19:00 -> 2026-06-15 16:00 (desc)
2026-09-06 18:27:15,230 - INFO - Descargando batch 21/53 (after=2026-06-15 15:59) ...
2026-09-06 18:27:16,152 - INFO -   Guardadas 100 velas. Rango: 2026-06-15 15:00 -> 2026-06-11 12:00 (desc)
2026-09-06 18:27:16,455 - INFO - Descargando batch 22/53 (after=2026-06-11 11:59) ...
2026-09-06 18:27:17,380 - INFO -   Guardadas 100 velas. Rango: 2026-06-11 11:00 -> 2026-06-07 08:00 (desc)
2026-09-06 18:27:17,693 - INFO - Descargando batch 23/53 (after=2026-06-07 07:59) ...
2026-09-06 18:27:19,537 - INFO -   Guardadas 100 velas. Rango: 2026-06-07 07:00 -> 2026-06-03 04:00 (desc)
2026-09-06 18:27:19,840 - INFO - Descargando batch 24/53 (after=2026-06-03 03:59) ...
2026-09-06 18:27:20,772 - INFO -   Guardadas 100 velas. Rango: 2026-06-03 03:00 -> 2026-05-30 00:00 (desc)
2026-09-06 18:27:21,086 - INFO - Descargando batch 25/53 (after=2026-05-29 23:59) ...
2026-09-06 18:27:21,962 - INFO -   Guardadas 100 velas. Rango: 2026-05-29 23:00 -> 2026-05-25 20:00 (desc)
2026-09-06 18:27:22,265 - INFO - Descargando batch 26/53 (after=2026-05-25 19:59) ...
2026-09-06 18:27:23,252 - INFO -   Guardadas 100 velas. Rango: 2026-05-25 19:00 -> 2026-05-21 16:00 (desc)
2026-09-06 18:27:23,566 - INFO - Descargando batch 27/53 (after=2026-05-21 15:59) ...
2026-09-06 18:27:24,860 - INFO -   Guardadas 100 velas. Rango: 2026-05-21 15:00 -> 2026-05-17 12:00 (desc)
2026-09-06 18:27:25,169 - INFO - Descargando batch 28/53 (after=2026-05-17 11:59) ...
2026-09-06 18:27:26,221 - INFO -   Guardadas 100 velas. Rango: 2026-05-17 11:00 -> 2026-05-13 08:00 (desc)
2026-09-06 18:27:26,531 - INFO - Descargando batch 29/53 (after=2026-05-13 07:59) ...
2026-09-06 18:27:27,412 - INFO -   Guardadas 100 velas. Rango: 2026-05-13 07:00 -> 2026-05-09 04:00 (desc)
2026-09-06 18:27:27,721 - INFO - Descargando batch 30/53 (after=2026-05-09 03:59) ...
2026-09-06 18:27:28,692 - INFO -   Guardadas 100 velas. Rango: 2026-05-09 03:00 -> 2026-05-05 00:00 (desc)
2026-09-06 18:27:29,004 - INFO - Descargando batch 31/53 (after=2026-05-04 23:59) ...
2026-09-06 18:27:30,060 - INFO -   Guardadas 100 velas. Rango: 2026-05-04 23:00 -> 2026-04-30 20:00 (desc)
2026-09-06 18:27:30,375 - INFO - Descargando batch 32/53 (after=2026-04-30 19:59) ...
2026-09-06 18:27:31,231 - INFO -   Guardadas 100 velas. Rango: 2026-04-30 19:00 -> 2026-04-26 16:00 (desc)
2026-09-06 18:27:31,540 - INFO - Descargando batch 33/53 (after=2026-04-26 15:59) ...
2026-09-06 18:27:32,400 - INFO -   Guardadas 100 velas. Rango: 2026-04-26 15:00 -> 2026-04-22 12:00 (desc)
2026-09-06 18:27:32,710 - INFO - Descargando batch 34/53 (after=2026-04-22 11:59) ...
2026-09-06 18:27:33,793 - INFO -   Guardadas 100 velas. Rango: 2026-04-22 11:00 -> 2026-04-18 08:00 (desc)
2026-09-06 18:27:34,096 - INFO - Descargando batch 35/53 (after=2026-04-18 07:59) ...
2026-09-06 18:27:35,140 - INFO -   Guardadas 100 velas. Rango: 2026-04-18 07:00 -> 2026-04-14 04:00 (desc)
2026-09-06 18:27:35,444 - INFO - Descargando batch 36/53 (after=2026-04-14 03:59) ...
2026-09-06 18:27:36,372 - INFO -   Guardadas 100 velas. Rango: 2026-04-14 03:00 -> 2026-04-10 00:00 (desc)
2026-09-06 18:27:36,680 - INFO - Descargando batch 37/53 (after=2026-04-09 23:59) ...
2026-09-06 18:27:37,740 - INFO -   Guardadas 100 velas. Rango: 2026-04-09 23:00 -> 2026-04-05 20:00 (desc)
2026-09-06 18:27:38,043 - INFO - Descargando batch 38/53 (after=2026-04-05 19:59) ...
2026-09-06 18:27:39,412 - INFO -   Guardadas 100 velas. Rango: 2026-04-05 19:00 -> 2026-04-01 16:00 (desc)
2026-09-06 18:27:39,720 - INFO - Descargando batch 39/53 (after=2026-04-01 15:59) ...
2026-09-06 18:27:40,692 - INFO -   Guardadas 100 velas. Rango: 2026-04-01 15:00 -> 2026-03-28 12:00 (desc)
2026-09-06 18:27:41,003 - INFO - Descargando batch 40/53 (after=2026-03-28 11:59) ...
2026-09-06 18:27:41,849 - INFO -   Guardadas 100 velas. Rango: 2026-03-28 11:00 -> 2026-03-24 08:00 (desc)
2026-09-06 18:27:42,166 - INFO - Descargando batch 41/53 (after=2026-03-24 07:59) ...
2026-09-06 18:27:43,082 - INFO -   Guardadas 100 velas. Rango: 2026-03-24 07:00 -> 2026-03-20 04:00 (desc)
2026-09-06 18:27:43,390 - INFO - Descargando batch 42/53 (after=2026-03-20 03:59) ...
2026-09-06 18:27:44,231 - INFO -   Guardadas 100 velas. Rango: 2026-03-20 03:00 -> 2026-03-16 00:00 (desc)
2026-09-06 18:27:44,540 - INFO - Descargando batch 43/53 (after=2026-03-15 23:59) ...
2026-09-06 18:27:45,470 - INFO -   Guardadas 100 velas. Rango: 2026-03-15 23:00 -> 2026-03-11 20:00 (desc)
2026-09-06 18:27:45,780 - INFO - Descargando batch 44/53 (after=2026-03-11 19:59) ...
2026-09-06 18:27:46,821 - INFO -   Guardadas 100 velas. Rango: 2026-03-11 19:00 -> 2026-03-07 16:00 (desc)
2026-09-06 18:27:47,126 - INFO - Descargando batch 45/53 (after=2026-03-07 15:59) ...
2026-09-06 18:27:48,052 - INFO -   Guardadas 100 velas. Rango: 2026-03-07 15:00 -> 2026-03-03 12:00 (desc)
2026-09-06 18:27:48,366 - INFO - Descargando batch 46/53 (after=2026-03-03 11:59) ...
2026-09-06 18:27:49,332 - INFO -   Guardadas 100 velas. Rango: 2026-03-03 11:00 -> 2026-02-27 08:00 (desc)
2026-09-06 18:27:49,636 - INFO - Descargando batch 47/53 (after=2026-02-27 07:59) ...
2026-09-06 18:27:50,772 - INFO -   Guardadas 100 velas. Rango: 2026-02-27 07:00 -> 2026-02-23 04:00 (desc)
2026-09-06 18:27:51,082 - INFO - Descargando batch 48/53 (after=2026-02-23 03:59) ...
2026-09-06 18:27:52,138 - INFO -   Guardadas 100 velas. Rango: 2026-02-23 03:00 -> 2026-02-19 00:00 (desc)
2026-09-06 18:27:52,445 - INFO - Descargando batch 49/53 (after=2026-02-18 23:59) ...
2026-09-06 18:27:53,401 - INFO -   Guardadas 100 velas. Rango: 2026-02-18 23:00 -> 2026-02-14 20:00 (desc)
2026-09-06 18:27:53,401 - INFO - Se alcanz贸 el inicio del periodo deseado
2026-09-06 18:27:53,406 - INFO - Descarga completada para 1H: 4900 velas en 49 batches
2026-09-06 18:27:54,413 - INFO - ============================================================
2026-09-06 18:27:54,414 - INFO - DESCARGANDO 200 DIAS DE VELAS 4H
2026-09-06 18:27:54,416 - INFO - ============================================================
2026-09-06 18:27:54,418 - INFO - Descargando batch 1/17 (after=2026-09-06 23:27) ...
2026-09-06 18:27:55,319 - INFO -   Guardadas 100 velas. Rango: 2026-09-06 20:00 -> 2026-08-21 08:00 (desc)
2026-09-06 18:27:55,621 - INFO - Descargando batch 2/17 (after=2026-08-21 07:59) ...
2026-09-06 18:27:56,531 - INFO -   Guardadas 100 velas. Rango: 2026-08-21 04:00 -> 2026-08-04 16:00 (desc)
2026-09-06 18:27:56,846 - INFO - Descargando batch 3/17 (after=2026-08-04 15:59) ...
2026-09-06 18:27:57,980 - INFO -   Guardadas 100 velas. Rango: 2026-08-04 12:00 -> 2026-07-19 00:00 (desc)
2026-09-06 18:27:58,288 - INFO - Descargando batch 4/17 (after=2026-07-18 23:59) ...
2026-09-06 18:27:59,254 - INFO -   Guardadas 100 velas. Rango: 2026-07-18 20:00 -> 2026-07-02 08:00 (desc)
2026-09-06 18:27:59,561 - INFO - Descargando batch 5/17 (after=2026-07-02 07:59) ...
2026-09-06 18:28:00,531 - INFO -   Guardadas 100 velas. Rango: 2026-07-02 04:00 -> 2026-06-15 16:00 (desc)
2026-09-06 18:28:00,835 - INFO - Descargando batch 6/17 (after=2026-06-15 15:59) ...
2026-09-06 18:28:01,972 - INFO -   Guardadas 100 velas. Rango: 2026-06-15 12:00 -> 2026-05-30 00:00 (desc)
2026-09-06 18:28:02,281 - INFO - Descargando batch 7/17 (after=2026-05-29 23:59) ...
2026-09-06 18:28:03,301 - INFO -   Guardadas 100 velas. Rango: 2026-05-29 20:00 -> 2026-05-13 08:00 (desc)
2026-09-06 18:28:03,616 - INFO - Descargando batch 8/17 (after=2026-05-13 07:59) ...
2026-09-06 18:28:04,691 - INFO -   Guardadas 100 velas. Rango: 2026-05-13 04:00 -> 2026-04-26 16:00 (desc)
2026-09-06 18:28:05,002 - INFO - Descargando batch 9/17 (after=2026-04-26 15:59) ...
2026-09-06 18:28:05,891 - INFO -   Guardadas 100 velas. Rango: 2026-04-26 12:00 -> 2026-04-10 00:00 (desc)
2026-09-06 18:28:06,200 - INFO - Descargando batch 10/17 (after=2026-04-09 23:59) ...
2026-09-06 18:28:07,323 - INFO -   Guardadas 100 velas. Rango: 2026-04-09 20:00 -> 2026-03-24 08:00 (desc)
2026-09-06 18:28:07,633 - INFO - Descargando batch 11/17 (after=2026-03-24 07:59) ...
2026-09-06 18:28:08,540 - INFO -   Guardadas 100 velas. Rango: 2026-03-24 04:00 -> 2026-03-07 16:00 (desc)
2026-09-06 18:28:08,842 - INFO - Descargando batch 12/17 (after=2026-03-07 15:59) ...
2026-09-06 18:28:09,892 - INFO -   Guardadas 100 velas. Rango: 2026-03-07 12:00 -> 2026-02-19 00:00 (desc)
2026-09-06 18:28:10,208 - INFO - Descargando batch 13/17 (after=2026-02-18 23:59) ...
2026-09-06 18:28:11,332 - INFO -   Guardadas 100 velas. Rango: 2026-02-18 20:00 -> 2026-02-02 08:00 (desc)
2026-09-06 18:28:11,332 - INFO - Se alcanz贸 el inicio del periodo deseado
2026-09-06 18:28:11,336 - INFO - Descarga completada para 4H: 1300 velas en 13 batches
2026-09-06 18:28:12,604 - INFO - Conexi贸n a Supabase cerrada
2026-09-06 18:30:44,447 - INFO - Conexi贸n a Supabase establecida
2026-09-06 18:30:44,448 - INFO - ============================================================
2026-09-06 18:30:44,450 - INFO - DESCARGANDO 200 DIAS DE VELAS 15m
2026-09-06 18:30:44,450 - INFO - ============================================================
2026-09-06 18:30:44,452 - INFO - Descargando batch 1/197 (after=2026-09-06 23:30) ...
2026-09-06 18:30:45,892 - INFO -   Guardadas 100 velas. Rango: 2026-09-06 23:30 -> 2026-09-05 22:45 (desc)
2026-09-06 18:30:46,206 - INFO - Descargando batch 2/197 (after=2026-09-05 22:44) ...
2026-09-06 18:30:47,330 - INFO -   Guardadas 100 velas. Rango: 2026-09-05 22:30 -> 2026-09-04 21:45 (desc)
2026-09-06 18:30:47,633 - INFO - Descargando batch 3/197 (after=2026-09-04 21:44) ...
2026-09-06 18:30:48,618 - INFO -   Guardadas 100 velas. Rango: 2026-09-04 21:30 -> 2026-09-03 20:45 (desc)
2026-09-06 18:30:48,935 - INFO - Descargando batch 4/197 (after=2026-09-03 20:44) ...
2026-09-06 18:30:50,103 - INFO -   Guardadas 100 velas. Rango: 2026-09-03 20:30 -> 2026-09-02 19:45 (desc)
2026-09-06 18:30:50,109 - INFO - Interrupci贸n recibida, cerrando...
2026-09-06 18:30:50,234 - INFO - Conexi贸n a Supabase cerrada
